coin,N_google_news
enjin-coin,1
power-ledger,1
kyber-network,1
iexec-rlc,1
ttc-protocol,8
celer-network,4
apollo-currency,0
bnktothefuture,0
nexus,0
ankr-network,0
storm,0
genesis-vision,0
deepbrain-chain,0
time-new-bank,2
poa-network,1
jibrel-network,3
paragon,0
qlc-chain,1
btu-protocol,4
amo-coin,0
litecoin-cash,1
mir-coin,1
fintrux-network,0
linkeye,1
nos,0
divi,0
skrumble-network,2
graft,1
wibson,1
ice-rock-mining,0
zen-protocol,1
morpheus-labs,1
winding-tree,0
bitguild-plat,3
zap,0
the-abyss,1
nebula-ai,1
upfiring,0
silent-notary,0
insights-network,1
ink-protocol,0
ifoods-chain,0
sentinel-chain,0
phi-token,5
fox-trading,0
bezop,0
crowd-machine,1
ubcoin-market,1
lala-world,0
pylon-network,0
ip-exchange,0
bigbom,0
fire-lotto,1
fabric-token,1
engagement-token,1
joint-ventures,0
gold-bits-coin,1
hubii-network,0
bitcrystals,0
starcoin,0
bridge-protocol,0
coin-lion,0
target-coin,0
signals-network,1
menlo-one,4
mithril-ore,1
monster-byte,1
regalcoin,2
plancoin,0
mcap,0
earth-token,0
crystal-clear,1
ethbet,0
karatgold-coin,0
mindol,0
safe-haven,0
game-stars,0
ilcoin,3
dos-network,0
zeon,0
exchange-union,0
solareum,1
when-token,0
asura-coin,0
hybrid-block,0
rocket-pool,0
solomon-exchange,0
smart-investment-fund-token,0
enigma-catalyst,1
finshi-capital,0
atb-coin,0
21-million,3
basic-attention-token,1
mysterium-network,1
metal,4
e4row,0
aragon,0
back-to-earth,0
blockchain-capital,7
melon,1
beyond-the-void,5
arcade-city,0
synereo,1
blockpay,0
plutus,0
project-decorum,0
neucoin,1
migranet,1
dayta,0
loligo,0
tecracoin,0
coincasso,0
uncloak,0
bitwings,0
grayll,0
satt,0
squeezer,0
tagz,0
thefaustflick,0
aquest,0
bcnex,0
coinware,0
creditcoin,0
gingr,0
madana,0
nodis,0
bips,0
conjure,0
inzura,0
tryvium,0
bither,0
cwex,0
digitalbits,0
erecoin,0
kryptoin,0
wulet,0
cryptoxygen,0
geon,0
bineuro,0
eucx,0
pvpchain,0
tokenroll,0
wdx,0
zeosx,0
centaure,0
cogmento,0
eiplatform,0
finafex,0
grabity,0
guarium,0
hashbon,0
kasko2go,0
kimex,0
nobar,0
pantheonx,0
bitenny,0
clarity,0
cresio,0
izzy,0
tanzō,0
betinreal,0
block66,0
crowdtoken,0
crypstock,0
eminent,0
ern,0
highbank,0
homelend,0
povr,0
primary,0
reindeer,0
canyudo,0
discoveryiot,0
iryo,0
mitoshi,0
pimoncoin,0
po8,0
sessia,0
vosai,0
yondocoin,0
glyff,0
wom,0
xcrypt,0
ais,0
bitrus,0
bitschool,0
cryptoriyal,0
cures,0
divider,0
easyguide,0
linix,0
tranium,0
wox,0
aigo,0
bitney,0
bitplay,0
chrypto,0
coinself,0
deneum,0
duniabooking,0
mediar,0
moovin,0
newc,0
owndata,0
shoppercoin,0
smathium,0
tipo,0
tunez,0
wisewolf,0
arfreyr,0
batmine,0
bithercash,0
caxi,0
custodi,0
east2,0
mph-one,0
nedscoin,0
nyigde?,0
redpill,0
reme-coin,0
selfpay,0
shardus,0
teky,0
tiberius,0
unbankedx,0
velic,0
znc,0
bit-paradise,0
bitcub,0
bloomx,0
coinfast,0
gfc,0
ledder,0
nobobox,0
nuvo,0
prevue,0
procurean,0
repu,0
sheepcoin,0
tele,0
tokensgate,0
unicorngo,0
winwincoin,0
yanubuks,0
astra,0
bether,0
biohal,0
burstiq,0
mindfire,0
nativecoin,0
projectinitiators,0
qatar,0
sero,0
xdeck,0
zelaacoin,0
binax,0
eden,0
edumetrix,0
fintechnics,1
herby,0
lovelysuites,0
pitch,0
ripplecash,0
trendit,0
apollo18,0
banccoin,0
bartcoin,0
boontech,0
cgs,0
conun,0
datafund,0
dax,0
globiance,0
glxcoin,0
hirefreehands,0
ironblock,0
marketplace,0
monartis,0
property2chain,0
quantreum,0
verify,0
volans,0
weriz,0
ehab,0
emiba,0
eva,0
foxytrade,0
kryptobits,0
moveco,0
shelterdao,0
titancore,0
unocryptocoin,0
viacash,0
afrolis,0
blackwave,0
cryptomuseum,0
csatoken,0
fizcal,0
herdius,0
irespo,0
marbcoin,0
phantasma,0
safeguard,0
xzen,0
blueqbit,0
dht,0
fueldapp,0
icash,0
localxpose,0
loki,0
onyx,0
taucoin,0
xtock,0
bitcoincorner,0
crowdnext,0
datx,0
gyptex,0
mdk,0
mthereum,0
octaneum,0
opencryptotrust,0
alphaslot,0
corex,0
exocoin,0
sambanx,0
estatecoin,0
soycoin,0
viccoin,0
arkadia,0
consulteth,0
coinepic,0
gamity,0
propthereum,0
ruden,0
wyzerr,0
validcoin,0
interestcoin,0
ironx,0
bqt,0
cryptoprofile,0
grapevine,0
igt,0
iou,0
b21,0
linkercoin,0
simplybrand,0
cryptosoul,0
cryptov8,0
ekkbaz,0
gric,0
online,0
securix,0
wrio,0
birake,0
cmc,0
crypton,0
kaiser,0
lvx,0
quadrant,0
waves,0
aceso,0
axl,0
buglab,0
cryptolancers,0
datablockchain,0
localcoinswap,0
modultrade,0
moolyacoin,0
papusha,0
sportsfix,0
aen,0
coinstocks,0
cryptohit,0
hihealth,0
iam,0
idm,0
milc,0
osa,0
paradise,0
vrt,0
worldwifi,0
xtrd,7
yappadappadoo,0
borneo,0
cryptomillionslotto,2
elepig,5
enigmacatalyst,0
everest,0
fissacoin,0
followine,0
nhct,0
smoke,0
spotcoin,0
acred,0
adsigma,0
aidus,0
crypto20,0
cryptobnb,0
digitize,0
gaia,0
gbpt,0
levelnet,0
lh-crypto,0
midas,0
nai,0
nonzero,0
ofnog,0
pornx,0
pumped,0
safecrypt,0
wizebit,0
3ccoin,0
aclyd,0
apres,0
buddtoken,0
climatecoin,0
cloverdex,0
color,0
dnatix,0
hara,0
helix3,0
instoken,0
naga,0
orca,0
quantum1net,0
seal,0
stay,0
wabi,0
bcshop,3
bitchord,0
bittorrent,0
bolt,0
ccecoin,1
cmbt,0
empowr,0
fic,0
future1coin,0
iat,6
impala,0
indochain,0
intiva,0
investy,0
kurecoin,0
l-pesa,0
levolution,0
pindex,0
pryvatecoin,0
publiq,0
rouge,0
scriptdrop,0
snovio,0
tracoin,0
ukit,0
vidy,0
xcov,0
zom,0
1world,0
auricoin,0
bancryp,0
bittrader,0
börser,0
carboneum,0
cryptorobotics,0
dav,0
dcc,0
ecoinomic,0
gbx,0
genaro,0
infliv,0
katalyse,0
nper,0
oryxcash,0
playtrip,0
sola,0
stk,0
tonercoin,0
yunique,0
b2bx,0
bank4you,0
bftoken,0
blocklicense,0
bloom,0
carex,0
districts,0
dragon,0
eatmecoin,0
etainpower,0
eterbank,0
fairwin,0
gazecoin,0
geens,0
icst,0
lemochain,0
mco,0
mir,0
monopoly,0
msg,0
nam,0
pikcars,0
probit,0
prosense,0
smartrefer,0
snbl,0
sparklecoin,0
trippki,0
twex,0
vio,0
vu,0
aigcoin,0
ammbr,0
astronaut,0
athena,1
betterbetting,5
bitcad,9
bitesprit,0
bittwatt,0
blockhipo,0
blockrx,0
bmybit,0
box2table,0
ccint,0
chex,0
coppay,0
cycloshieldcoin,0
docnota,0
eroiy,0
ethersportz,0
eticket4,0
foodcoin,0
gre,0
greenish,1
harbor,0
hedpay,0
holiday,0
ibuildapp,0
mib,0
mobee,0
modulum,0
mysterium,0
newton,0
nucleus,0
odeep,0
realisto,0
remechain,0
retn,0
sbinvestitions,0
seratio,0
sportyfi,0
stockchain,0
theworldnews,0
tokenpay,0
travelnote,0
verif-y,0
xred,0
zeto,0
4artechnologies,0
acudeen,0
adgonos,0
aiq,0
astrcoin,0
bico,0
birc,0
bitron,0
bopti,0
bytemine,0
chubex,0
corcom,0
cromhub,0
crosspays,0
currenexchange,0
dagt,0
elcoin,0
engyo,0
ethersport,1
explorio,0
extrabit,0
flycare,0
gilgam,0
hiveway,0
homemine,0
hunt,0
kamen,0
kybernetwork,0
lakediamond,0
levelapp,0
like,0
mb8coin,0
minex,0
nametoken,0
netterium,1
omeno,0
pixie,0
playcoin,0
pm7,0
prover,0
r3s,0
ravelous,0
refugecoin,0
shamrock,0
statercoin,0
successlife,0
thrill,0
tokendesk,0
touchtrader,0
trustier,0
unikrn,0
valus,0
vector,0
vres,0
wallchain,0
winkpark,0
x-power,0
xchainge,0
xunilair,3
0x,0
1apayment,0
1kcoin,0
27v,0
adtoken,3
ankorus,0
arbitraging,0
arker,0
arrm,0
atrix,0
aunite,0
bactoalarm,0
bancor,0
bdaq,0
beankh,1
beone,0
bitcoinmax,0
bpay,0
brotherly,0
carry,0
centrality,0
datbit,0
dentix,0
engamechain,0
ethercom,0
etherecash,0
filotech,0
gre8,0
h2sol,0
hi-tek,0
highseek,0
hometoken,0
homni,0
iiottel,0
litra,0
medcash,0
montis,0
multichainexchange,0
nyx,0
onegram,0
ophcrcoin,0
paytailor,1
perkscoin,0
pindify,0
publish,0
qchain,0
sorbase,0
supportmarket,0
tigereum,0
trademonk,0
tripally,0
ucmg,0
upi,0
warrantoken,0
webloc,0
weedo,0
westrendcoin,0
workpress,0
xmp,0
zilla,0
3d-token,0
abl,0
affchain,0
alphathereum,0
aqua,0
arevalor,0
arisebank,0
authenticid,0
bahiti,0
bitheum,0
bitquence,0
bouncy,0
brick,0
buildcoin,0
casagram,0
checqit,0
clickle,0
compositecoin,0
cottagecoin,0
cryptassist,0
cryptum,0
dacsee,0
dinerocoin,0
e-pocket,1
erpcoin,0
fitx,0
gamex,0
gaus,1
geofunders,0
globetrotter,0
iconsort,0
internxt,0
jet8,0
matrexa,0
meetip,0
mine,0
nex,0
parkade,0
percival,0
quantum,0
rasputin,0
saavcoin,0
saisho,0
sportie,0
stokit,0
synco,0
taxicash,0
thought,0
tos,0
totum,0
tourismcoin,0
twixacoin,0
vacuum,0
valena-svcoin,0
venjocoin,0
ventana,0
voxxo,0
wiseplat,0
xronos,0
yobit,0
8gig,0
aaramco,0
alttradex,0
artnoy,0
bcedex,0
bdxalliance,0
bitway,0
bitwoex,0
bounty0x,0
careerxon,0
cartel,0
cfun,0
darcrus,0
dato,1
daxbase,0
deckswap,0
e2c,0
etheraffle,0
extremium,0
farm,0
finx,0
floaterium,0
g-coin,0
ginex,0
gonetworks,0
hedger,0
holdme,0
hplus,0
incx,0
iregmed,0
kissescoin,0
lumenus,0
meterx,0
mineberg,0
mjcoin,0
moviechain,0
mrchain,0
mtcash,0
opakeco,0
rakugo,0
skyway,0
smarthealthcare,0
smrt,0
stonecoin,0
techbench,0
toplancer,0
truxir,0
vicecoin,0
voconetwork,0
vrbtc,0
vrexplosion,0
webn,0
wishcoin,0
wyrify,0
zempa,0
adelphoi,0
aida,0
aston,0
avalon,0
beemedics,0
binocoin,0
bitdice,0
bitsync,0
cryptoabs,0
dealbox,0
decem,0
dropanswer,0
educoin,0
ethoasis,0
fameone,1
foreground,0
gig9,0
hashhive,0
highcastle,0
higher,0
humbyl,0
hussy,0
icobasis,0
idtechnology,0
imdex,0
jboxcoin,0
liblob,0
masscryp,0
medica,0
moneytech,0
neunet,0
oneroot,0
optonium,0
pixinch,0
playingcrypto,0
polymerium,0
rafl,0
roboadvisorcoin,0
sine,0
spacoin,0
stable,0
sunxcoin,0
tresor,0
victortokens,0
wardz,0
whalefund,0
yudi,0
0penproductdb,0
3dax,0
anonhotels,0
arena,0
avesta,0
betboxai,0
circleflowstoken,0
conn3x,0
coralex,0
crypterra,0
cryptoisbn,0
cryptoveno,0
d-zone,0
easylife,0
epoch,0
eqi,0
eventjoin,0
joys,0
streamex,0
toss,0
ffquest,0
skelpy,0
vtrade,0
volum,0
vecap,0
pcore,0
quantocoin,0
alphax,0
webcasino,0
ebosia,0
covex,0
saiterm,1
alendoo,0
isg,0
sharemeall,0
mediconnect,0
tapjets,0
ahrvodeex,0
govearn,0
coingrid,0
oilwellcoin,0
nebluro,0
roc2,0
coinimp,0
fidelitysuite,0
3dchain,0
gec,0
mingo,0
nebeus,0
medibond,0
anna,0
tzero,0
codex,0
2tf,0
travelflex,0
decentbet,0
marketspace,0
mindsync,0
borser,0
wspx,0
kynson,0
nevula,0
nitecrawler,0
zbx,0
metabase,0
buratinobs,0
tok,0
srt,0
miminer,0
blockaip,0
influ,0
robocalls,0
bonafi,0
cromacoin,0
customcoin,0
vendicoins,0
trustbar,0
xcelr,0
supload,0
eyeglobnet,1
nyigde,0
4new,0
lattice,0
certore,0
b2and,0
uulala,0
vlb,0
arcadia,1
mtk,0
genieico,0
tradove,0
multisignio,0
foxcasino,0
mindsports,0
datarius,0
xirkle,0
mondo,0
ewa,0
circles,0
tensorbox,0
abab,0
lewt,0
aidcoin,0
appcoins,0
blockv,0
hellogold,0
opporty,0
ubcoin,0
remme,0
airbloc,1
auctus,0
covesting,0
privatix,0
akropolis,5
caspian,0
wono,0
usechain,0
iagon,0
ftec,0
oneledger,0
fantom,0
edenchain,0
bubbletone,0
polyswarm,1
arcblock,0
vinchain,0
blackmoon,1
icos,6
golos,2
vault12,1
bethereum,0
real,0
mhealthcoin,0
dreamteam,0
cognida,0
varanida,0
vanig,0
friend,0
alethena,0
multiversum,0
ceek,0
sapien,0
omnitude,0
stopthefakes,1
bitguild,5
adhive,0
cappasity,0
play2live,6
fintrux,1
wepower,0
ezpos,0
peculium,4
utrust,0
hacken,1
goldmint,1
tokenstars,5
coss,0
sonm,10
saifu,0
spectiv,0
bitclave,0
indahash,0
pavocoin,0
mydfs,0
streamity,0
mycreditchain,0
egretia,0
tradingene,0
shivom,0
truegame,0
pibble,0
patron,0
friendz,1
havven,0
coinmetro,0
faceter,1
dogezer,0
sp8de,1
parkgene,0
scorum,0
neuromation,0
telcoin,0
madnetwork,0
gladius,0
starbase,0
playkey,0
tierion,1
taas,1
chronobank,1
coti,2
dbrain,1
dmarket,7
cryptocurve,0
cryptyk,0
zeex,0
strykz,0
darcmatter,2
qurrex,0
moneytoken,0
boatpilot,0
moxyone,0
cryptelo,0
skyfchain,0
vestarin,0
experty,0
loci,0
gameflip,0
srg,3
tokenbox,0
coinlancer,0
sense,0
crowdholding,6
universa,0
micromoney,0
rega,0
matryx,0
kickico,0
cajutel,0
humaniq,0
wings,2
crowdvilla,1
gamb,0
alehub,0
grain,0
ethearnal,2
travelchain,1
nau,0
confideal,0
miniapps,1
eloplay,0
worldcore,0
qvolta,0
suretly,0
vtos,1
profede,0
tokenlend,0
familypoints,1
biometrids,0
aware,0
styras,0
bitboost,0
inchain,0
faireum,4
btcex,0
emusic,0
cryptoindex,0
icovo,0
sanuscoin,0
monaize,0
yumerium,0
qiibee,0
citicash,0
12ships,0
solidified,0
valpromise,0
foleum,0
namahe,0
coinet,0
opiria,0
cryptoads,0
dacc,0
curaizon,0
arweave,0
ubex,0
verasity,0
gochain,0
befund,0
blockhive,1
merculet,0
tripbit,0
coinus,7
databrokerdao,0
cosmochain,0
robet,0
eligma,0
well,0
iconiqlab,0
cloudmoolah,1
neurochain,0
giftcoin,0
sunmoney,0
rewardmob,0
lccx,0
skraps,0
taylor,0
thrive,0
crowdcoinage,0
blockex,0
skara,0
onplace,0
cryogen,0
galactikka,0
terraminer,8
gilgamesh,0
midex,0
pocketinns,0
globcoin,0
iht,0
sureremit,0
tokenomy,0
uservice,4
heartbout,5
tekycorp,0
scrinium,0
dimpay,0
aurora,0
bitcomo,0
jincor,1
bitcoen,0
medibloc,0
bankera,1
karma,0
traderstars,1
paycent,0
lucyd,0
esports,2
crypterium,0
dovu,0
payperex,0
wanchain,1
comsa,0
dentacoin,0
wordcoin,1
pluscoin,0
spheris,0
aeron,0
airtoken,2
ambrosus,0
icon,0
herocoin,2
zonto,2
cindicator,2
kin,0
cartaxi,1
latoken,1
detectortoken,0
decentraland,0
equi,0
lampix,1
bitjob,0
mybit,1
coindash,1
autoria,9
insurex,0
tezos,0
adchain,1
minter,7
botchain,0
zuum,0
longcoin,0
thermacoin,0
bytus,0
natee,0
bitzon,0
coinxes,0
gemstra,0
databloc,0
zimrii,0
angrytoken,0
transcendence,0
ojooo,0
housecoin,0
bitvalve,0
membrana,0
weave,0
fieldcoin,0
foodnation,0
biogen,0
imusify,0
synapsecoin,0
masschain,0
spectrium,0
telescopia,0
wise,0
securecryptopayments,0
combox,0
iotw,0
wowx,0
zerobank,0
aassio,0
viaz,0
stattm,0
honeypod,0
airwallet,0
azultec,0
clinicall,0
celernetwork,0
solarex,0
nodeswap,0
lightstreams,0
ukasii,0
auxledger,0
lition,0
mytvchain,0
mediarich,0
klickzie,0
sonata,0
ctr,0
calero,0
volentix,0
brickchain,0
whatsonpic,0
hyperionx,0
hexancoin,0
ipux,0
fortfc,0
fatum,0
gooreo,0
investorim,0
medicohealth,0
baanx,0
mymazzu,0
vtuur,0
xcoynz,0
fructus,0
please,0
akilos,0
swinca,0
shercoin,0
decimated,0
apollox,0
gameworks,0
patentico,0
mobu,0
encrybit,0
tripecosys,0
donocle,0
coindaily,0
list101,0
petchains,0
zynecoin,0
litenett,0
hotcoin,0
bloocys,0
trusted,0
​greenenergycoin,0
sync,0
pgf500,0
lifetask,0
amastar,0
livepod,0
greencoin,0
iov,0
stacktical,0
stackr,0
catscoin,0
betmatch,0
petlife,0
ira,0
neuronx,0
betform,0
webuy,0
lokalize,0
namacoin,0
eso,0
xendbit,0
rilstat,0
ephelants360,0
gamo,0
airdropsmart,0
aerum,0
futureenergy,0
hubrisone,0
drife,0
dexage,0
chainzilla,0
securypto,0
vanm,0
aqer,0
delta-x,0
gstar,0
istapay,0
agavecoin,0
skynavpro,0
betbox,0
tubiex,0
atpc,0
temco,0
povcoin,0
caps,0
ezcash,0
liker,0
rigoblock,0
socialgood,0
contentsprotocol,0
electrominer,0
itrue,0
gastroadvisor,0
alpha-x,0
liqnet,0
declub,0
cryptomarketcloud,0
shipnext,0
redi,0
fidelityhouse,0
spiking,0
viewo,0
cyberlottery,0
gash,0
botxcoin,0
qashback,0
coinshare,0
icumulate,0
onesolution,0
cedium,0
unboxed,0
tropitoken,0
usave,0
intrachain,0
hey,0
ydentity,0
wehome,0
pepperdb,0
hiway,0
ucoin,0
gamedex,0
javvy,0
nfxcoin,0
kambria,0
tenzorum,0
hashbyte,0
pantercon,0
lindax,0
ammeris,0
minedblock,0
impalacoin,0
goldfund,0
amos,0
atisios,0
pldgr,0
remco,0
wokecoin,0
fluzcoin,0
nexxo,0
cryptonote,0
mambocoin,0
rebglo,0
cowrium,0
endchain,0
wolfpackbot,0
kikicoin,0
ecomi,0
twogap,0
venus,0
elisia,0
idac,0
cazaar,0
brikbit,0
envilope,0
blokcoin,0
remiit,0
icasting,0
bitgame,0
innovaminex,0
audrey,0
whirl,0
coinchase,0
garuda,0
xmaterials,0
asicvault,0
myplacex,0
dtrack,0
phoenex,0
republia,0
gigzi,0
nodvix,0
snowden-coin,0
playchip,0
financex,0
inmax,0
gcbib,0
aipay,0
stayge,0
ryfts,0
tokedo,0
enzym,0
soar,0
sharkgate,0
bizkey,0
ecoingot,0
icechain,0
spryone,0
vidion,0
verifier,0
greentoken,0
apollonia,0
bitcanna,0
navibration,0
coinstruction,0
travelvee,0
lynchpin,0
winnest,0
bigtangle,0
cosquare,0
vion,0
cdrx,0
fishcoin,0
lightyears,0
inmusik,0
servadvisor,0
ecostart,0
lyfe,0
crowdforce,0
yanu,0
freecash,0
truegym,0
ncrypto,0
linkchain,0
hyperbridge,0
rebis,0
sgat,0
bitsrent,0
raincheck,0
aurum,0
dataeum,0
xera,0
blockwei,0
zichain,0
nursecoin,0
ethershift,0
proxishares,0
lendxcoin,0
pumpkin,0
ujiwater,0
cryptocasher,0
tillbilly,0
bravo,0
filo,0
svper,0
trecento,0
aizeus,0
arcus,0
envoy,0
denet,0
ecoverse,0
flexion,0
cannavenue,0
must,0
cixca,0
wellmee,0
gallactic,0
wegen,0
w12,0
lionstarter,0
parkres,0
sovereignwallet,0
dagnet,0
hetachain,0
healthycoins,0
ggpro,0
izichain,0
cbnt,0
coffe,0
laccoin,0
ouna,0
watchugot,0
cryptonity,0
infleum,0
finlocale,0
apla,0
openartis,0
aeryus,0
karbon14,0
non-zero,0
beatzcoin,0
bidooh,0
cotrader,0
neogame,0
brickex,0
crypt-on,0
dclinic,0
veritag,0
labelscoin,0
foneex,0
benepit,0
allsporter,0
upthinity,0
aircraft,0
myoho,0
festy,0
timbercoin,0
m2o,0
dataxchain,0
bucky,0
unifox,0
betevent,0
platin,0
helixhills,0
bountie,0
skillchain,0
zarfunds,0
gemera,0
everycoin,0
pinmo,0
stream41,0
realtyreturns,0
oxprotocol,0
myrillion,0
cloudbric,0
exosis,0
brotherlylend,0
paple,0
victorieum,0
monoreto,0
magnetics,0
kuende,0
beatrix,0
sylo,0
luxreum,0
hedge,0
singlesource,0
readyplaygo,0
cpacoin,0
rento,0
terawatt,0
imexe,0
neoplace,0
klabrate,0
agate,0
smartcontractchain,0
4thpillar,0
crowdbank,0
blokbiz,0
bitboscoin,0
eosex,0
citowise,0
feelium,0
excolony,0
cybr,3
snapparazzi,0
feon,0
agentmile,0
hostingicos,0
sovren,0
indieon,0
medoctor,0
biteex,0
luxurium,0
drupecoin,0
doji,0
bouncycoin,0
crosshedge,0
eterbase,0
resto,0
moonx,0
100tokens,0
cewnote,0
sportsfx,0
openbrix,0
antibank,0
tokeneo,0
2transfair,0
coinolix,0
poins,0
pipschain,0
suapp,0
geeba,0
bitcoin-shopper,0
koilop,0
wal-e,0
muusic,0
storedig,0
vibeo,0
sendy,0
fullcoin,0
clears,0
talentsnap,0
recordskeeper,0
philanthor,0
unitalent,0
mapcoin,0
yellowbetter,0
inflr,0
zaza,0
moneybydesign,0
netscouters,0
ommer,0
hilarium,0
boons,0
getdoit,0
plaza,0
vertex,0
offerzone,0
autoxchange,0
fivestarminingnetwork,0
lucre,0
yezcoin,0
laocon,0
investoland,0
onam,0
azbit,0
bithft,0
vixcore,0
bittrace,0
keypasco,0
whatshalal,0
bitmed,0
ccintelligence,0
yamzu,0
lancechain,0
dylyver,0
bitcoinbing,0
quizando,0
cuprum,0
neuromachine,0
xchangecoin,0
conventment,0
helix,0
cprop,0
carios,0
zed,0
nettekcoin,0
lesfex,0
mxc,0
albarit,0
noiz,0
quantler,0
qcity,0
furtcoin,0
cybermoviechain,0
gazellefund,0
zue,0
volair,0
flipnpik,0
cryptocean,0
godbex,0
playgame,0
koala,0
fivebalance,0
abele,0
yolotto,0
vogov,0
dlex,0
riskx,0
jullar,0
meritt,0
triggmine,0
imigize,0
athero,0
blocvehicle,0
wpp,0
laneaxis,0
topex,0
lambda,0
civil,0
talentico,0
metadium,0
enkronos,0
coingovernancesystem,0
youtoken,0
musiclife,1
trustedcars,0
vegawallet,0
leopays,0
mira,0
inlock,0
ezycount,0
sarf,0
tradeone,0
modex,0
arround,0
v-id,0
truwho,0
authpaper,0
bixtrim,0
talentchain,0
humancoin,0
extradecoin,0
bgogo,0
nel,0
wooshcoin,0
goodwork,0
safemining,0
astoria,0
dogefather,0
airgeadcoin,0
aergo,0
august927,0
safinus,0
ecos,0
gridcube,0
sansox,0
globecas,0
setoken,0
houseafrica,0
xtribe,0
foresting,0
araw,0
mycryptobank,0
aivon,0
behaviourexchange,0
kinesis,0
lunarlink,0
daex,0
attrace,0
xaya,8
footstar,0
twecrypto,0
gledos,0
cereal,0
defacto,0
gese,0
qovar,0
bablos,0
talketh,0
neluns,0
bitdepositary,0
pigzbe,0
aitrading,0
meerkat,0
zenome,0
triffic,0
trigid,0
zetochain,0
gny,0
cybercups,0
sleecoin,0
cryptoleaf,0
dominium,0
rudrcoin,0
igt-crypto,0
follor,0
xels,0
plasmium,0
trustlogics,0
payperblock,0
lexzoom,0
qravity,0
betonchart,0
cooocoin,0
fintechfans,0
vantum,0
cremit,0
radio,0
lili,0
growpayment,0
risecoin,0
nortonchain,0
proppush,0
digits,0
paket,0
cyphrcoin,0
kkog,0
bigbang,0
aenco,0
delta,0
kaasy,0
quantor,0
eventa,0
outofthecloud,0
etherace,0
ebyte,0
streampay,0
ivin,0
bitsive,0
sidera,0
moolya,0
bittilo,0
elitcoin,0
usat,0
kapex,0
wefilmchain,0
neironix,0
idmoney,0
idealcoin,0
carsmartt,0
feedchain,0
bailsman,0
umka,0
shipit,0
freestart,0
woonk,0
gigtricks,0
kratos,0
flatlay,0
cbdoken,0
magnify,0
brumh,0
capverto,0
estatex,0
greenlink,0
centive,0
tokenai,0
woolf,0
zorff,0
watermelonblock,0
cryptics,0
payblok,0
bitdouble,0
argyle,0
kvantor,0
openassets,0
monetahawk,0
hotto,0
exodius,0
rateonium,0
vertix,0
mycoinvest,0
rom,0
metoken,0
cryptosouk,0
eventrabbt,0
advertiza,0
miboodle,0
betlycoin,0
cointradebase,0
rubius,0
idgo,0
sprinklecoin,0
bittech,0
ccet,0
gamebroker,0
blockkonnect,0
oryxian,0
daox,0
k-systems,0
iuvocoin,0
moneynet,0
platio,0
millioncoin,0
freldo,0
worldopo,0
fanfare,2
kudo,0
hunimal,0
voltgo,0
blockvest,0
rebons,0
agora,0
icebreakerar,0
chainconnect,0
supporter,0
gapro,0
cardonio,0
swachhcoin,0
careonchain,0
monarch,0
firmo,0
oppopenwifi,0
teambrella,0
superfruit,0
crowdprecision,0
smartsignals,0
arbitao,0
labtorum,0
redfund,0
bitleaguecoin,0
trilliant,0
etolar,0
teledactyl,0
enumbra,0
spade,0
infracoins,0
scanetchain,0
bitsong,0
ruby-x,0
peoples,0
gemvault,0
kryptopal,0
xinfinity,0
revenyou,0
defund,0
nonecoin,0
elpis,0
lookrev,0
medchain,0
developeo,0
elamachain,0
vreo,0
leadrex,0
tradetex,0
dxchain,0
exbitrade,0
valueticket,0
coalichain,0
subaj,0
nursetoken,0
yondo,0
quanta,0
pallium,0
vectorzilla,0
wxrally,0
previsione,0
conterium,0
blockonomics,0
nwpsolution,0
avatara,0
stepcoin,0
znaq,0
tootyr,0
release,0
buddy,0
bluegold,0
betley,0
winiota,0
alluxe,0
joops,0
earthcycle,0
coinmarketalert,0
burncoin,0
inrating,0
eharvesthub,0
tuurnt,0
epik,0
creatanium,0
viarium,0
zooblin,0
axnet,0
tombola,0
mit-ra,0
ekspa,0
jibbit,0
paidex,0
dream,0
kittoken,0
defensor,0
scutix,0
moozicore,0
contrib,0
scopuly,0
buzcoin,0
module,0
urallowance,0
fxpay,0
bitsapp,0
foam,0
gabro,0
unitedfans,0
trufield,0
agmg,0
amalgam,0
bit-learn,0
veio,0
tncoin,0
ultrix,0
nordcoin,0
gratzio,0
zapcash,0
syncochain,0
phoneum,0
aligatocoin,0
arizn,0
bitforex,0
woow-cams,0
trustverse,0
tokenbacon,0
avago,0
bitxbit,0
upfinex,0
cache,0
plentix,0
cryptorevolution,0
bitsmo,0
remoneta,0
kheper,0
vanywhere,0
inscoin,0
icbcoin,0
allspark,0
careparrot,0
builderium,0
altplanet,0
ilink2music,0
kryptoro,0
berminal,0
globatrix,0
pearlpay,0
xchng,0
sunx,0
majime,0
onegame,0
wmpro,0
bitdrive,0
playrs,0
pocketcon,0
tanibox,0
disciplina,0
inmediate,0
iuno,0
tedchain,0
clearaid,0
vip2fan,0
incodium,0
bitex,0
dicegame,0
ixtus,0
tachain,0
conferencecoin,0
socialremit,0
infinitus,0
alfa-enzo,0
wemark,0
fysical,0
bitbose,0
apollon,0
goeureka,0
workchaincenters,0
avinoc,0
simpex,0
destream,0
lapo,0
shakedown0x,0
scienceroot,0
etherinc,0
craftr,0
gturbo,0
min,0
tokenaire,0
pexcash,0
quinty,0
eho,0
laborcrypto,0
lamoneda,0
goldma,0
dieci,0
bitx,0
okeydokey,0
dipitto,0
xrt,0
jsecoin,1
autobay,0
travelit,0
marketc,0
autoblock,0
fastbet,0
monetarycoin,0
jcash,0
bryllite,0
quio,0
quadcorechain,0
fondocoin,0
orchnetwork,0
elyqd,0
observer,0
rloop,0
zodiaq,0
jpcompany,0
maestro,0
aethercoin,0
taurus0x,0
mintflint,0
coinanalyst,0
ejacoin,0
agnum,0
biser,0
placetorent,0
0xcert,0
rev,0
pixelalpha,1
kinekt,0
talao,0
choon,0
railz,0
bfgchips,0
ripaex,0
cryptoopensearch,0
cryptoriya,0
coinseason,0
agrolot,0
officium,0
robotar,0
iris,0
stoxum,0
acutecoin,0
alphateca,0
bitacium,0
iame,0
xent,0
dans,0
bfex,0
roomdao,0
lovr,0
springrole,0
bbiller,0
prontapay,0
kryptoboy,0
goldbox,0
unidag,0
xnodefund,0
grabameal,0
minery,0
cafecoin,0
cybit,0
helioscoin,0
runs,0
okmcoin,0
pingpaid,0
caloriecoin,0
luxxeumcoin,0
bitstash,0
abeona,0
tessr,0
tixguru,0
clearcost,0
makeafolio,0
aigatha,0
prether,0
ponder,0
level01,0
hpb,0
medibit,0
switcoin,0
exolover,0
ternion,0
metahash,0
blend,0
metamorph,0
eventboost,0
cyclean,0
slate,0
holdvest,0
extoke,0
bitscreener,0
typerium,0
digithoth,0
stonetoken,0
geneos,9
storeplex,0
essentia,0
globalcarservice,0
einc,0
sishub,0
crystals,0
etheal,0
crowdif,0
properbuz,0
cryptograin,0
etherisc,0
gnomepay,0
coinadvisor,0
tim,0
metronome,0
afeli,0
nteslacoin,0
coinnup,1
trimpo,0
cygnus,0
ggx,0
enecuum,0
redcab,0
safebas,0
zerostate,0
istrium,0
togacoin,0
superium,0
heptapolis,0
ozex,0
frya,0
humanixr,0
cmbtoken,0
litrabit,0
mobiuz,0
staramba,0
bitlumens,0
briacoin,0
kingxchain,0
lexit,0
immvrse,0
horyou,0
elysian,0
habibicoin,0
mammoth,0
travelblock,0
tutellus,0
parcelx,0
treon,0
symetric,0
cverification,0
ligercoin,0
antavira,0
mediex,0
alphacon,0
beldex,0
cytecoin,0
perucoin,0
niqbix,0
directhome,0
traxion,0
krypted,0
rego,0
altairvr,0
abacasxchange,0
greenx,0
odyfund,0
ntok,0
connecty,0
nynjacoin,0
emotiq,0
planex,0
farmatrust,0
trivver,0
iatokens,0
rolecoin,0
brainerz,0
loyakk,0
ehalal,0
stellargoldcoin,0
wpo,0
bitgoals,0
lovar,0
bitmillex,0
dakuce,0
alchemint,0
payiza,0
swytch,0
gotoken,0
howdoo,0
internationalcryptox,0
dacxi,0
carmel,0
xbrick,0
exchain,0
leonardian,0
gonetwork,0
mevu,0
tatatu,1
cobitcoin,0
ticko,0
wisepass,0
czero,0
kuwaitkon,0
moneto,2
cravy,0
greeneminer,0
uhive,0
aquaoin,0
ndacoin,0
lenuschain,0
reos,0
silkchain,0
ubanx,0
atonomi,0
msc,0
organicco,0
dysnomia,0
dateat,2
fifa,0
ubecoin,0
olife,0
muxe,0
mbys,0
coinpayo,0
balticrypto,0
escotoken,0
larecoin,0
tontinetrust,0
loandex,0
rankingball,0
vernam,0
commitgood,0
affiliatecoin,0
winstars,0
whalesburg,0
bartvault,0
sharering,0
quarkchain,0
sgv-g,0
kinguin,0
datareum,2
allforminer,0
willtoken,0
cellblocks,0
mazzuma,0
ironcoin,0
tokpie,0
cgcx,0
entry,0
checkitsreal,0
equadex,0
agrotechfarm,0
moentum,0
kassot,0
nukleus,0
iqtoken,0
ivyn,0
kakushin,0
huyucoin,0
incremint,0
ducatur,0
uchit,0
surrus,0
ternio,0
buza,0
honeybee,0
gladage,0
evochain,0
kings,0
cryptoglobal,0
cryptto,0
superset,0
mandala,0
bitnautic,0
cardium,0
coingrinch,0
golix,0
hotengine,0
d-zonecoin,0
bi_platform,0
genexi,0
bcharity,0
tlpac,0
bravocoin,0
quidli,0
mednetwork,0
meetcoin,0
bitstump,0
check-car,0
triwer,0
dafzo,0
intro,0
playhall,0
involve,0
chiliz,0
cardstack,0
blockpass,0
belotto,0
artis,0
nuggets,0
humena,0
peoplewave,0
itob,0
memority,0
rightmesh,0
insureum,0
yizoot,6
molecule,1
touchcon,0
hpq,0
swat,0
benchmark,0
shocoin,0
nagricoin,0
pchain,0
pixel,0
papelcoin,0
cryptectum,0
cyronium,0
assetchain,0
bitimage,0
hostcoin,0
shopiblock,0
mfchain,0
dst,0
cryptfunder,0
litebolt,0
bond,0
plair,0
bidium,0
cobol,0
tv-two,0
eip,0
labstart,0
usdc,0
xriba,0
hybridblock,0
luckchemy,0
dplay,0
dona,0
icostart,0
bgx,0
nythro,0
gana,0
ovcode,0
travelertoken,0
sweetbridge,0
icashweb,0
voxelx,0
yodse,0
bolttcoin,0
chrysalis,3
mcv-cap,0
utrum,0
hupplat,0
etherwhitegold,0
cryptocashbackrebate,0
greenhashes,0
beercoin,0
monacoin,0
i-chain,0
investa,0
sandblock,0
lightbitatom,1
thanecoin,0
productivist,0
vexanium,0
hazeian,0
dermavir,0
aigaming,0
moneda,0
hubezoo,0
mvlchain,0
qykbar,0
bubblo,0
bcg,0
mobeetel,0
ethernitymining,0
cryptoflix,0
bityond,0
wegold,0
thinkcoin,0
efir,0
zeew,0
shop,0
peeratlas,0
travelsurfing,0
orsgroup,0
kryptonium,0
nomopoly,0
bonum,0
atlas,0
cubomania,0
synth,0
bidipass,0
surveychain,0
izx,0
sosr,0
d'coin,0
sprinto,0
aisi,0
mobi,0
blocform,0
gamestars,0
networkunits,0
multra,0
brickblock,7
spindle,0
moneyrebel,0
cryde,0
jupiter,0
telluria,0
likecoin,0
wankcoin,0
irene,0
reo,0
cookup,0
emmares,0
bitxoxo,0
webercoin,0
upskills,0
reanimator,0
blocnation,0
coinquiztador,0
cryptonsgame,0
vikky,0
trademindx,2
criptohub,0
weicrowd,0
helex,0
hush,0
desto,0
adblurb,4
contractvault,0
chainrepublik,1
eiracube,0
coinjanitor,0
sint,0
elove,0
orbis,0
allstocks,0
even,0
pointium,0
traxia,0
peur,0
inspem,0
zeroedge,0
union,0
daostack,0
venusenergy,0
hirego,0
hyperx,0
cryptosecure,0
letitplay,0
tkeycoin,0
cryptosolartech,0
ambit,0
path,0
techspecs,0
fobscoin,0
payvx,0
superpay,0
sancoj,0
g-global,0
hero,0
zuflo,0
graz,0
bitfence,0
petsource,0
intervalue,1
deepradiology,0
orbs,0
webcoin,0
echarge,0
gastery,0
wecarecoin,0
deedcoin,0
record,0
realcasino,0
digidex,0
cryptonationz,0
assetbase,0
forgecdn,0
bitminutes,0
ncloud,1
cointour,0
squader,0
ophircoin,0
racoin,0
nicebytes,0
atn,0
tripago,0
vesa,0
swapy,0
nickelcoin,0
smarto,0
weevocity,0
intimate,0
cryptoya,0
flogmall,0
agrichain,0
thorium,0
rentything,0
livingoffset,0
dynatiq,0
bunnytoken,0
faxport,0
maximine,0
exaking,0
ovato,1
bionic,0
htfx,0
flora,0
adosia,0
marketlist,0
bace,0
bestmeta,0
zper,0
iamhero,0
tesoro,0
thorentium,0
blockfollow,0
dogracing,0
eclipse,0
vendex,0
tejcky,0
earthmedz,0
xsearch,0
aitheon,0
coin-bet,0
globexsci,0
decentralend,0
bitcqr,0
consentium,0
ysign,0
cryptaldash,0
blocksquare,0
altumea,0
escape,0
kripton,0
alax,0
velix.id,0
rusgas,0
gascompressorcoin,0
coinanx,0
flux,3
bonkers,0
movieschain,0
playbunk,0
codecoin,0
alphamarket,0
gpncoin,0
globatalent,0
rlcoin,0
jointedu,0
mcoin,0
taskfair,0
epigencare,0
redbux,0
ip2pglobal,0
menubuzz,0
moneyking,0
whyral,0
lunes,0
cryptohawk,0
baasid,0
airen,0
emarketchain,0
proximax,0
nova,0
noscam,0
raison,0
xefocoin,0
ipay,0
squarex,0
lendingblock,2
qompass,0
fiancia,0
zantepay,0
bioritmai,0
onetotwo,0
wixlar,0
concertvr,0
openpoll,0
arcona,0
bithium,0
cedex,0
usereum,0
xchangerate,0
waltix,0
bitrewards,0
berith,0
sonder,0
tokenspeed,0
cashbet,0
blok,0
marginless,0
unibright,0
drivero,8
rootproject,0
kijash,0
travelkoin,0
pryvate,0
countinghouse,0
papereum,0
welltrado,0
cryptostarter,0
varcrypt,0
enkidu,0
blocknubie,0
pentacore,0
roscacoin,0
lidyacoin,0
kash,0
bitacross,0
aircoin,0
stasyq,0
vipe,0
quifas,0
photochain,0
nest,0
sooloox,0
lavenir,0
otppay,0
smartcityeco,0
bronix,0
timecoin,0
virus,0
stabilise,0
freezone,0
bulltoken,10
payfritrms,0
seele,0
deepwater,0
dashlite,0
quant,0
prokarex,0
mplus,0
kelta,5
escrowblock,0
bitrust,0
loanbit,0
bizavest,0
syntera,0
wirycoin,0
lyves,0
elementh,0
dinero,0
uunio,0
fillit,0
safcur,0
circleflows,1
synexcoin,0
kerberos,0
zamanat,0
razoom,0
amchart,0
blockweb,0
optitoken,0
smartcity,0
bricbit,0
playbets,0
keeppet,0
myrymax,0
airpod,0
corl,0
froshfeel,0
hydrocoin,0
archicoin,0
faima,0
nollycoin,0
cointify,0
rubycon,0
cargocoin,0
zecash,0
axtrust,0
globo,0
concierge,0
cellrlab,0
doctailor,0
nauticus,0
ellcrys,0
paymon,0
adenium,0
shopin,0
blocside,0
datecoin,0
hycon,0
onstellar,0
holo,0
assetereum,0
chainium,0
trocabit,0
lendo,0
appics,0
marketcash,0
meetngreetme,0
baappay,0
cryptoloans,0
biotron,0
trustedhealth,0
autounit,0
raretoken,0
algebraix,0
fitrova,0
icoheadstart,0
deeptoken,0
nnbu,0
adsily,0
hashbux,0
mymincome,0
sigame,0
xiwatt,0
benebit,0
etherspin,0
mytime,0
follex,0
coinoil,0
joingrowth,0
silverbit,0
starlight,0
airclipse,0
pumapay,0
nyronchain,0
papyrus,0
cryptozon,0
robotina,0
lipchain,0
mossland,0
seylan,0
fresco,0
iolite,1
qwasder,0
windenergymining,0
beonbox,0
joytoken,0
rexpax,0
ogcoin,0
suchapp,0
guardium,0
petro,0
airexe,0
admine,0
destineyai,0
avrorum,0
sprintx,0
whenhub,0
betrium,0
coindaq,0
staps,0
nexo,0
odmcoin,0
lsd,0
dopameme,0
siriocoin,0
magma,0
pikciochain,1
glitzkoin,0
pmcoin,0
alibabacoin,1
samy,0
adcircle,0
matchroom,0
tilxcoin,0
naireum,0
enlte,0
heroesjourney,0
velper,0
300cubits,0
mobilink-coin,0
mavro,0
sofin,0
celsius,0
etherty,0
academy,0
krosscoin,0
2100news,0
actioncoin,0
conduit,0
linkcoin,0
xmoneta,0
carvdb,0
gelios,0
zenvow,0
bitcab,0
ishook,0
thor,0
yggdrash,0
signals,0
ohmsgold,0
cashbag,0
invacio,0
boutspro,0
praator,0
gamblica,1
clickabletv,0
foxtrading,0
timebox,0
contractnet,0
blockbits,0
akaiito,0
genbby,0
monanex,0
zupply,0
adultcam,0
coinvest,0
decibels,0
kript,0
geekzcode,0
spacekg,0
multiven,0
keepsafepay,0
superbloom,0
blockfood,0
bhp,0
repux,0
docademic,0
obirum,0
classycoin,3
zebi,3
selfllery,0
luckytoken,0
tradershub,0
amon,0
pmotion,0
apis,0
alttex,0
skyhope,0
paysura,0
erpblock,0
helveticoin,1
streamtoken,0
citifycoin,0
legacylotto,0
tomocoin,0
iconic,0
orbeum,0
ekash,0
olxa,0
betex,1
appostoken,0
domuscoins,0
safekeet,0
nedviga,0
dobetacceptbet,0
ipstock,0
srcoin,0
cartographeum,5
birdchain,0
aamicoin,0
joyso,0
noxbox,0
galaxis,0
sharpay,0
showmebiz,0
lescovex,0
medichain,0
amorito,0
tubig,0
kickcity,0
lytictail,0
leadcoin,0
verime,0
peatcoin,0
trevi,0
naviaddress,0
vicoin,0
eurocoinpay,0
foodimus,0
plaak,0
sgpay,1
requitix,0
blockbank,0
startions,0
blockmesh,0
jiocoin,0
cibus,0
moonlite,0
equitybase,0
winflow,0
futourist,0
synthestech,5
icloudsec,0
healthureum,0
cryptopus,0
banca,0
pinkdate,0
skychain,0
adverez,0
fundfantasy,0
kleos,0
bitrace,0
teocoin,0
horsecoin,0
scicoins,0
friendsfingers,0
epos,0
vetri,0
nocta,0
blockscart,0
gohelpfund,0
mindlink,0
sharder,0
cryocloud,0
qwiqq,0
wowoo,0
viewly,0
crestonium,0
shping,2
pecunio,0
te-food,0
receiptcoin,1
unilot,1
clinicoin,0
globelbit,0
lendroid,0
beautiq,0
primestar,0
beat,0
endor,0
discoveroo,0
epocum,0
fxcoin,0
rxeal,0
honor,0
esonics,0
zelaa,0
ab-chain,0
gramgold,0
egold,0
lympo,0
bloomzed,0
0chain,0
credits,9
hashgains,0
medicorumcoin,0
devnetwork,0
dragonglass,4
agrivita,0
routecoin,0
allohash,0
odem,0
alteum,0
capdax,0
xfermoney,0
smartrealty,0
u-truck,0
clickgem,1
aiom,0
sportience,0
primelend,0
sphinxcoin,0
syncfab,0
virtuallakshmi,0
frasindo,0
smartgenie,0
rank,0
myoddz,0
goldminecoin,0
talenter,0
exenium,0
quasa,0
helbiz,0
wikibits,0
luckbox,0
trustabit,0
krypteum,0
vimarket,0
coinspark,0
colu,0
hicky,0
sphere,0
crafty,0
mavin,0
yourblock,0
connectjob,0
knowledge,0
socratescoin,1
gmp,2
refereum,0
savior,0
flashmoni,0
stelcoin,0
aes,0
etheera,0
jizzcoins,0
worldhotelorganization,0
cryptonod,0
savedroid,0
globitex,0
nuvus,0
doccoin,0
mexc,0
oduwa,0
trenditstudios,0
cryptax,0
kwhcoin,0
dropil,0
kryll,2
snagride,2
narrative,0
dorado,6
dether,0
igobit,0
xinfin,0
cubaaz,5
hearthy,0
synapse,0
kahnchat,0
fidelium,0
ztrust,0
grocercoin,0
hotoken,0
tend,0
qredit,0
cryptotask,0
persona,0
proxeus,0
fairgrounds,0
tipper,0
bitroneum,0
news,1
windingtree,0
eximchain,0
tetties,0
etcetera,0
coinzai,0
beeasy,0
erotix,0
watertech,0
kruptocoin,0
youtweak,0
blockport,0
setcoin,0
acomobase,0
retailcoin,0
coinplace,0
hurify,0
cube,0
envienta,2
cryptobite,1
balehubucks,3
corusblock,0
cubebucks,0
guide,0
tradeplayz,0
pdca,0
uroc,0
dolos,0
datocoin,0
fusion,0
priorityex,4
medicalchain,0
gimmer,0
bitnation,0
wysker,0
kodakone,0
shivers,0
denaro,0
iqeon,0
darico,0
reportercommunity,3
whitemoney,0
lydian,0
pentaxcoin,0
novalend,0
connectx,0
rblock,0
dextroncoin,0
obizcoin,0
adamant,0
futureworks,0
wawllet,0
astorgame,1
daneel,0
zapit,0
namcoin,0
dadi,0
hct,0
waracoin,0
almbank,0
lucisdollar,0
fci,0
billpoker,0
aworker,0
vestopia,0
gymcoin,0
jolyy,0
unolabo,0
simdaq,0
finecoin,0
sintec,0
fleetcoin,3
labo,0
huobi,0
letsfair,0
drvr,0
fynance,0
moriatoken,0
fcfl,0
arbidex,0
cargox,0
monetizecoin,0
mokenex,8
mcfly,0
coinfi,0
fortuna,0
datawallet,3
retokens,0
blitzpredict,0
qonexa,0
odyssey,0
phoscoin,0
coinstarter,0
cryder,0
cryptoxpress,0
hedgeconnect,0
acquaint,0
zeus,0
keyrpto,0
stamps,0
coinpoker,0
pingvalue,0
trakinvest,0
devery,0
tradebit,0
3va,4
zeepin,0
bartercoin,0
sonocoin,2
vaultbank,0
bluzelle,2
fluzfluz,0
ebcoin,0
nimbus,0
tokenloyalty,7
ubiquicoin,0
blocklancer,0
cederis,0
igniteratings,0
matrix,0
bitcoinus,0
puregold,0
domanisystems,2
sabcoin,0
islamcoin,0
streamspace,0
node,0
machtcoin,0
insurepal,0
paypro,0
trinity,0
digitex,0
liveedu,0
coincasino,0
thekey,0
sether,0
podone,0
boosteroid,0
feastcoin,0
selfkey,0
socialx,1
rucoin,7
luven,0
origintrail,0
gatcoin,0
valhalla,0
pincoin,0
alphacat,0
dfantasy,0
micars,0
tokengo,0
ethorse,1
yoritex,0
copytrack,0
oilsc,0
etherbanking,0
deex,1
lotus,0
loopx,0
vitavisor,0
fortknoxster,0
bazista,0
ontology,0
multigames,0
coinfer,0
suscoin,0
axpire,0
krios,0
e-chat,0
outing,0
edgecoin,0
dcx,0
futereum,0
genrewards,0
fintechbit,0
ravencoin,0
zerosum,0
alchemybyte,0
elastos,0
metatip,0
filipcoin,5
chatello,0
apex,0
shipchain,0
tudorpay,1
milliods,0
bulleon,0
bottos,0
canabio,0
zillerium,0
armpack,0
darenta,0
decoin,0
budbo,0
mcpay,0
metta,0
reversalcoin,0
beefcoin,0
potentiam,0
leap,0
craftmade,0
excash,0
puffscoin,0
freelancercoin,0
bitmart,0
bitloanex,0
mimicoin,0
digit,0
cryptosis,0
zilliqa,0
nilecoin,0
givacoin,0
carvertical,0
allchain,0
credisco,2
monyx,0
ecomcash,0
blockarray,0
iungo,0
volteum,0
singularitynet,0
bcdiploma,0
bitwinner,0
bankcoin,0
crymix,1
cryptoalias,0
bitmag,0
charityspace,0
noku,0
qlink,0
yobank,1
coinlion,0
worldbit,0
ranger,0
datatrading,0
akrocoin,0
nebulas,0
augmate,0
bread,0
kairos,0
datavlt,0
medianetworktoken,1
movementapp,0
envion,0
zerium,0
rotharium,0
crycash,0
gifto,1
fintab,0
etherflyer,1
okoin,0
adbank,0
drac,0
tor-q-all,1
caviar,0
amlt,0
props,0
popultrade,0
loyalcoin,0
bergmannos,0
inspeer,0
crowddrive,1
coinhealth,0
dailycoin,0
biofactorycoin,0
algory,0
retainly,0
handelion,0
florio,0
librium,0
eristica,0
rentberry,0
sophiatx,3
cybertrust,1
lhcrypto,4
anonym,0
exsulcoin,0
tokia,0
moover,0
vionex,0
siegneuercoin,0
amor,0
kala,0
stampify,0
healthheart,0
bitdegree,0
parkapp,1
nitro,0
wcx,1
truedonate,0
oracles,0
biafracoin,0
hade,0
crom,0
goldea,0
appay,0
zabercoin,0
aditus,1
zipper,0
mysafehouse,0
africunia,0
eco-nan,0
bdcc,1
wala,0
zangll,0
smartmesh,2
bbncoin,0
bananacoin,0
commerceblock,0
latium,0
coinloan,0
storiqa,0
salpay,0
prosume,10
hoqu,0
beeqb,0
bankex,0
fitvitalik,0
hdac,0
canya,0
iota,0
aion,0
bitrent,2
sportyco,1
crowdwiz,0
cointed,10
descrow,0
swissborg,0
cybermiles,1
dropdeck,0
injii,0
viuly,0
clearcoin,0
ripio,1
mirocana,0
spectre,1
reftoken,0
misscoin,0
clout,1
charg,0
eroscoin,0
blockstack,0
aphelion,0
celestial,0
finom,3
milkcoin,0
guts,0
pulsar,0
adpump,0
presscoin,0
steepcoin,0
cryptocopy,0
jbox,1
fiinu,0
ccore,0
leverj,0
sintez,0
spinbackup,0
cashaa,0
fidentiax,1
liquid,0
connectius,0
vezt,0
kubera,0
bonpay,0
smschain,0
darfchain,0
escroco,0
truebit,0
power,0
tokenfunder,0
payfair,0
peerity,0
viso,0
rockchain,0
cryptaur,1
locktrip,0
exxor,0
arbi,0
smartone,0
lamden,1
peerguess,0
stex,0
datum,0
smartlands,0
buron,0
mywish,0
relakes,0
flixxo,1
stash,0
wireline,0
coindrive,0
startima,0
saav,0
battletitans,0
cypher,0
blockbid,0
vuepay,0
ethlottery,0
acumen,0
multibot,0
skrilla,0
hut34,0
wandx,0
abr,0
publica,0
copico,0
uptoken,1
witcoin,0
immla,0
horizonstate,0
coinme,0
alloy,0
paypie,0
stockblock,0
pally,0
rilcoin,0
ezmarket,0
tokenza,0
stater,0
weten,0
airswap,0
notary,0
a-token,0
chaintrade,0
blockmason,0
altocar,0
quantstamp,0
emphy,0
smartbillions,0
streamr,0
tewtew,2
mcx,0
eidoo,0
tapproject,0
stayallied,0
kredx,0
clearpoll,0
hazza,0
verifyunion,5
hextracoin,0
bibox,0
credo,0
rhea,0
enjin,0
reidao,0
blocksale,0
wishfinance,0
abjcoin,0
farad,0
saske,0
betstreak,0
kumo,0
dragonchain,0
modoview,0
instacoin,3
digmus,0
hirematch,0
redpillcoin,0
okolofutbola,2
indicoin,0
coincrowd,0
btcwall,0
akminvest,0
fundcoin,0
hipe,0
doft,0
quantopi,0
snip,0
flypme,0
tele2-teleport,0
soma,3
afterschool,0
mingocoin,1
key,1
biocoin,0
ethlend,0
cryptopay,0
cryptogene,1
autonio,0
topprofit,0
unikoingold,0
vanillaplay,0
plexcoin,0
biopaycoin,0
acebusters,0
moncrypt,0
ethbooks,0
hackspace,0
fidcom,0
bitair,0
etch,0
anacoin,0
dolphin,0
relest,0
roin,0
sandcoin,0
wolk,0
bitether,0
honestis,0
blocxs,0
tensorbit,0
fapcoin,0
kapu,0
gimli,0
startmining,0
lakebanker,0
camonroad,0
kexcoin,0
bannercoin,0
etherparty,0
electroneum,0
tokenlab,0
bookira,4
cobinhood,1
eventchain,0
sexservice,0
anryze,8
domraider,0
bitindia,0
rivetz,0
sunmultiwallet,0
tron,0
izibits,0
atlant,0
realt,0
hagglejob,0
viberate,0
maecenas,0
freewatch,1
baner,0
justmake,0
finshi,0
aventus,0
votes,0
bitpoker,0
travelcoin,2
cryptonex,0
prcr,0
cccoin,0
waltonchain,0
soferox,0
aigang,0
rdcr,0
enko,0
zloadr,1
wic,0
alis,0
disledger,2
combicoin,0
modum,0
e-veksel,0
iwtoken,0
transmission,1
tomahawkcoin,1
monetha,0
mandarin,0
musiconomi,0
nimfamoney,0
boule,0
snapup,0
ahoolee,0
chronologic,0
scorista,2
westerostoken,0
easymine,0
gravio,0
aldoin,0
tokenstub,0
vibehub,0
kencoin,0
biont,0
revain,0
natcoin,0
authoreon,0
cryptoslots,0
godzillion,0
vechain,0
glutoken,0
magos,0
authorship,0
trackr,0
synchrolife,0
goldenfleece,0
facecoin,0
inkchain,0
prime-ex,0
substratum,0
daseron,0
protostarr,0
dentalfix,0
alpencoin,0
stuffgogo,0
ongcoin,0
prospectors,0
fujinto,0
neo,0
pecun,3
filecoin,3
oceanlab,0
scrypto,0
indorse,2
betking,0
xplay,1
fluence,0
recoin,1
neblio,0
ignis,0
centra,1
slvr,1
digipulse,0
ramo,0
loopring,1
salt,0
tremissis,1
enledger,4
harbour,0
imbrex,0
ruscoin,0
openzen,0
rex,0
bhotspot,0
moeda,0
arenaplay,0
coinless,0
kuna,7
bitbounce,0
ziber,0
stox,0
sosnovkino,0
slogn,0
propy,0
presearch,0
everex,0
tribetoken,1
nwa,1
crazybet,0
investfeed,0
opus,0
paquarium,1
intellium,0
solvena,2
makeitviral,0
act,0
peerbanks,0
district0x,1
aicoin,0
knows,0
atbcoin,0
agrello,0
blockcat,0
bolenum,4
obsidian,1
pillar,7
coinjob,1
mass,1
dent,1
dochain,0
blocktix,0
adshares,0
soccerchain,0
mothership,3
santiment,0
starta,1
binance,1
adex,1
neverdie,0
dimcoin,1
droplex,1
ethos,2
nimiq,0
rustbits,1
suncontract,1
eos,1
omisego,0
primalbase,0
tenx,1
populous,1
etheriya,2
openanx,1
bytom,1
skincoin,1
civic,9
status,1
fundyourselfnow,3
compcoin,0
orocrypt,0
idice,0
metalpay,1
cofound.it,1
dcorp,0
encrypgen,7
wagerr,5
patientory,3
cryptobank,0
polybius,6
zengold,0
cryptoping,1
aeternity,1
aira,0
nvo,6
masknetwork,0
yoyow,0
crypviser,0
storj,1
monaco,10
minexcoin,1
zrcoin,5
boscoin,0
voise,8
embermine,1
blockpool,1
tokencard,3
adel,1
veritaseum,0
exscudo,0
mobilego,1
encryptotel,10
gnosis,0
cryptoforecast,1
ethbits,1
ecobit,0
leviar,1
rchain,1
cosmos,1
matchpool,0
centz,0
lunyr,1
superdao,0
particl,2
qtum,0
creativechain,1
edgeless,4
wetrust,0
apptrade,10
peerplays,1
melonport,0
etheroll,0
respectonomy,0
equibit,1
contingency,0
augmentors,0
ascendancy,0
procommerce,2
tithecoin,0
swishcoin,0
bitcoingo,0
branche,0
tokes,0
blockcdn,0
ebitz,1
mercatox,2
spectrecoin,0
egaas,0
vdice,0
golem,0
ark,0
nodio,1
etcwin,1
komodo,0
bitgirls,0
incent,1
firstblood,0
decent,1
iconomi,2
verge,2
digixdao,1
lisk,2
augur,7
cardano,0
stellar,1
ethereum,0
supernet,0
maidsafecoin,0
bytecoin,0
populstay,1
finterra,0
tradelize,0
gizer,0
betmaster,0
coinmint,0
hala,0
ititaniumcoin,4
otcrit,0
altindex,0
swace,0
gamechain,0
kaching,0
liquid8,0
emanate,0
impresso,0
coinyspace,0
zealeum,0
gcox,0
slt,0
tempow,0
vooglue,0
medcredits,0
smartgold,0
baikalika,0
mycro,0
loycha,0
fern,0
lightcash,0
earthbi,0
ultroneum,0
ethichub,0
availcom,0
airstayz,0
kartblock,0
smarts,0
yachtco,0
dyno,0
mimic,0
tanzo,0
denchmusic,0
thefandome,0
discoperi,0
esperantoken,0
current,0
fundrequest,0
polkadot,0
twilight,0
mito,0
udap,0
send,0
triipmiles,0
allcare,0
dubtokens,1
qilinmarket,0
cogenero,0
nocturus,0
venoty,0
aeternum,0
popchest,0
muzika,0
axens,0
cointrade,0
neurogress,1
sportco,0
ewaiter,0
tavitt,0
hdcoin,0
ludos,0
konkrete,0
dreambit,0
libellum,0
cvproof,0
topl,0
vivid,0
farm2kitchen,0
stabix,0
fan360,0
veriblock,0
artex,0
genesis,0
bitproperty,0
carnomic,0
stubba,0
xdac,0
plutusx,0
powershare,0
transcodium,0
logisticsx,0
binkd,0
dezos,0
thorchain,0
betoken,0
bitcoinage,0
vuulr,0
minerva,0
bithub,1
ulticoin,0
cryptokami,0
contractland,0
vectorspace,0
kleros,0
ufoodo,0
sparkster,0
yooping,0
clintex,0
smartmoni,0
gems,0
allforcrypto,0
bitozz,0
bitfair,0
funfair,0
investx,0
goodx,0
xenchain,0
rate3,0
yoo-mi,0
crucoins,0
yinc,0
justhive,0
blocksafe,0
kastle,0
ubiatarplay,0
cryptodime,0
myart,0
hab,0
binary,0
unitycoin,0
provoco,1
radioyo,0
stoby,0
tradeplace,0
bitcar,0
ida,0
singulardtv,0
bumo,0
talenthon,0
krops,0
ggrocket,0
haladinar,0
boosto,0
primex,0
lendoit,0
mfun,0
indeep,0
buzzshow,0
gpcc,0
billion,0
storecoin,0
contentos,0
filmgrid,0
zonafide,0
mpcx,0
impetusone,0
livenpay,0
able,0
goldiam,0
markscheider,0
cpollo,0
knowchain,0
autorize,0
contentbox,0
monetizr,0
cfighters,0
payportal,0
livepeer,1
carco,0
cannabium,0
ioex,0
smartinsurprotocol,0
crowdsharemining,0
arcallia,0
bluebelt,0
germoney,0
umewin,0
amulet,0
treeblock,0
bloxia,0
shard,0
bodhi,0
namek,0
driiven,0
paytomat,0
safein,0
transcrypt,0
cosmecoin,0
senno,0
stips,0
bettium,0
botgaming,0
swing,0
expercoin,0
antiqmall,0
dopamine,0
vite,0
spokkz,0
factr,0
bilibit,0
alfatoken,0
dibbs,0
silent,0
cruisebit,0
fiii,0
bamboo,0
pledgecamp,0
hold,0
hashcard,0
sparc,0
mustangchain,3
sleekplay,0
utix,0
dapcash,0
blinked,0
zeux,0
plenus,0
xentavo,0
medipedia,0
emjac,0
maxdata,0
qobit,0
dashing,0
masterworks,0
fluxorin,0
gath3r,0
lendsbay,0
stitched,0
cryptoworld,0
bloquid,0
dexon,0
securosys,0
dstadia,0
fanchain,0
solomonstouch,0
bezant,0
ezeebuy,0
babb,0
artwook,0
perlin,0
choice,0
evo,0
ono,0
starflow,0
greeneum,0
cryx,0
sisa,1
bzx,0
asgard,0
hyperquant,0
orvium,0
intellos,0
winminer,0
blockmedx,0
aiar,0
bitpaction,0
marqyt,0
interfinex,0
everid,0
multivac,0
primas,0
savage,0
bytebet,0
poloneum,0
artpro,0
