coin,0
eos,2
tron,1
iota,3
neo,2
qtum,1
omisego,1
icon,1
zilliqa,2
aeternity,1
0x,4
bytom,1
populous,1
wanchain,1
augur,1
golem,1
status,3
aion,0
digixdao,1
loopring,1
komodo,1
nebulas,1
ark,1
dentacoin,6
cryptonex,0
bancor,10
fusion,4
elastos,2
cybermiles,5
veritaseum,1
substratum,2
dragonchain,8
holo,4
storm,1
kin,1
electroneum,1
gifto,4
power ledger,3
revain,1
bnktothefuture,4
dropil,1
monaco,4
quantstamp,1
request network,1
neblio,1
tenx,3
decentraland,1
civic,6
storj,1
aragon,1
bottos,1
iconomi,2
nexo,1
particl,1
enjin coin,1
cindicator,5
time new bank,0
dent,1
arcblock,5
gnosis,2
sonm,9
credits,6
sophiatx,2
poa network,1
ignis,2
smartmesh,1
bluzelle,4
metal,0
medibloc,2
singularitynet,2
boscoin,5
apex,1
crypterium,10
jibrel network,5
thekey,2
lympo,3
tokenpay,1
ambrosus,5
zebi,2
origintrail,5
crypto20,1
genesis vision,8
cube,0
red pulse,2
ethlend,4
pillar,1
telcoin,2
adex,2
airswap,3
blockv,1
bread,2
babb,2
paypie,1
edgeless,1
banca,1
eidoo,3
singulardtv,1
decentbet,1
district0x,1
havven,8
datx,1
wagerr,1
utrust,9
wepower,4
wings,1
tierion,1
appcoins,3
wabi,2
modum,1
naga,10
zeepin,1
datawallet,1
tokenomy,1
odyssey,1
storiqa,1
tokencard,1
decent,7
presearch,2
mobilego,2
qlink,1
bitrent,1
lunyr,1
cobinhood,7
melon,1
taas,4
docademic,1
datum,4
yoyow,1
odem,1
universa,8
etherparty,6
refereum,3
viberate,7
legolas exchange,2
humaniq,10
lamden,1
firstblood,1
coss,2
cofound.it,1
suncontract,1
sentinel chain,1
medicalchain,3
bloom,3
propy,3
stox,6
bankex,4
synereo,1
adtoken,1
stk,3
daostack,9
everex,2
mothership,1
coinpoker,8
aeron,1
unibright,0
alphacat,0
karma,1
peerplays,1
uptoken,1
dmarket,3
agrello,1
monetha,1
incent,1
matchpool,1
wetrust,1
blocktix,1
indahash,9
envion,5
blackmoon,1
dadi,1
dimcoin,8
polybius,5
carvertical,3
selfkey,1
aphelion,1
covesting,9
blockport,1
cappasity,7
te-food,1
divi,1
latoken,1
hacken,3
sharder,1
bitclave,6
nper,1
remme,2
zap,1
nebula ai,1
sureremit,1
polyswarm,7
smartlands,1
domraider,2
matryx,1
b2bx,7
rentberry,9
maecenas,2
quantum,1
rivetz,1
swissborg,10
axpire,1
playkey,3
etheroll,0
locktrip,1
friendz,6
hubii network,2
paragon,6
coinfi,1
icos,3
patientory,1
graft,5
helbiz,1
bitdegree,1
encrypgen,1
flixxo,2
cargox,1
morpheus network,0
chronobank,7
cashaa,1
lendingblock,5
travelflex,3
devery,4
insights network,0
atbcoin,3
alis,1
snovio,3
dovu,2
golos,1
adshares,1
connectjob,5
srcoin,1
leadcoin,2
bounty0x,1
adbank,1
aditus,1
mysterium,1
investfeed,1
publica,3
bitcrystals,4
worldcore,8
insurepal,7
sportyco,1
aventus,1
ecobit,2
airtoken,1
commerceblock,3
payfair,5
jet8,1
aidcoin,1
apx,1
adhive,1
clearcoin,3
auctus,3
viuly,1
spectiv,2
hellogold,1
tokes,1
opus,1
clearpoll,2
hoqu,3
bitdice,3
dether,1
cryptopay,5
fidentiax,1
biocoin,5
bezop,1
atlant,5
internxt,2
voise,6
blockpool,1
amlt,0
peculium,3
mywish,1
sether,2
herocoin,1
hush,2
gatcoin,1
parkgene,4
digipulse,2
eboost,1
1world,1
blockcat,1
upfiring,1
real,7
vezt,1
daneel,4
dcorp,3
chainium,1
privatix,3
reftoken,1
bonpay,2
syncfab,5
starbase,1
cryptoping,8
copytrack,5
autonio,1
experty,7
iungo,1
ethorse,1
lampix,1
zrcoin,7
transcodium,1
aigang,1
live stars,1
tokenbox,1
verify,1
ethbits,1
fabric token,0
darcrus,1
goldmint,10
trakinvest,2
micromoney,2
soma,2
pylon network,1
hirematch,4
ethersportz,1
eventchain,1
boutspro,1
crycash,3
coinlancer,5
blitzpredict,1
obsidian,4
tokenstars,1
qvolta,1
neverdie,6
skincoin,7
chronologic,1
blocklancer,1
biotron,1
centra,5
bitjob,1
wandx,1
emphy,1
fundyourselfnow,0
nitro,1
mcap,1
oceanlab,0
authorship,1
suretly,1
pluscoin,7
peerguess,0
crystal clear,1
bitair,1
escroco,1
hedge,3
leverj,1
target coin,1
eroscoin,1
starta,7
flypme,1
sense,1
tigereum,2
farad,1
musiconomi,1
bitpark coin,0
monster byte,2
etheriya,2
global jobcoin,2
elcoin,1
blockpay,2
regalcoin,1
newbium,1
tigercoin,0
fujinto,1
300 token,1
ccore,1
abjcoin,1
bankcoin,1
bolenum,3
icobid,0
iconic,1
copico,1
educoin,1
apis,0
gems,2
patron,0
aware,1
plancoin,1
tokia,0
invacio,0
key,2
silent notary,0
stockchain,1
verime,1
xyo network,0
loki,0
hero,0
fundrequest,0
etherecash,10
blockcdn,1
blockmesh,0
sphre air,1
cfun,1
amon,2
budbo,3
phi token,1
betterbetting,1
minex,1
zengold,1
ox fina,1
fidelium,1
utrum,1
anryze,1
indicoin,1
smoke,1
plexcoin,0
stex,0
sisa,1
fapcoin,1
solomonexchange,N/A
hackspacecapital,N/A
impakfinance,N/A
modum.io,N/A
detectortoken,N/A
silentnotary,N/A
intelligenttradingtech,N/A
kybernetwork,N/A
kickico,N/A
smartinvestmentfundtoken,N/A
trackr,N/A
facecoin,N/A
icobox,N/A
social(scl),N/A
enigmacatalyst,N/A
ahoolee,N/A
stuffgogo,N/A
prospector,N/A
onegram,N/A
filecoin,N/A
alpencoin,N/A
hubii,N/A
worldwideanonymousmessaging,N/A
indorse,N/A
finshicapital,N/A
moeda,N/A
xplay,N/A
paquarium,N/A
monsterbyte,N/A
coindash,N/A
district0xnetwork,N/A
11.97,N/A
rootproject,N/A
geofounders,N/A
primalbase,N/A
eros,N/A
gilgam,N/A
gilgam.es,N/A
coindash,N/A
sumerchain,N/A
bitquence,N/A
orocrypt,N/A
fuck,N/A
tezos,N/A
insurex,N/A
nimiq,N/A
leviarcoin,N/A
onplace,N/A
santiment,N/A
openanx,N/A
crypviser,N/A
rialto.ai,N/A
encryptotel,N/A
air,N/A
21million,N/A
silvercoin,N/A
idice,N/A
nvo,N/A
masknetwork,N/A
footballcoin,N/A
internetofcoins,N/A
bidlend,N/A
superdao,N/A
aira,N/A
embermine,N/A
adel,N/A
basicattentiontoken,N/A
exscudo,N/A
mysteriumnetwork,N/A
e4row,N/A
vivacoin,N/A
bitcoingrowthfund,N/A
legendsroom,N/A
nexxus,N/A
quantumresistantledger,N/A
creativechain,N/A
apptrade,N/A
backtoearth,N/A
iex.ec,N/A
blockchaincapital,N/A
cosmosnetwork,N/A
cosmos,N/A
equibit,N/A
chainofpoints,N/A
cashscripter,N/A
augmentors,N/A
lykke(2ndround),N/A
contingency,N/A
dfinity,N/A
betking,N/A
ether.camp,N/A
virtualaccelerator,N/A
mysterium(1stround),N/A
vdice,N/A
beyondthevoid,N/A
massnetwork,N/A
arcadecity,N/A
etcwin,N/A
kibolotto,N/A
lykke(1stround),N/A
antshares,N/A
metaverse,N/A
icoo,N/A
breakoutcoin,N/A
plutus,N/A
mycelium(2ndround),N/A
thedao,N/A
projectdecorum,N/A
ionomy,N/A
digixglobal,N/A
spellsofgenesis,N/A
neucoin,N/A
dacplay,N/A
getgems,N/A
storjcoinx,N/A
