internxt,N/A,28 Sep 2017,N/A,N/A,N/A,N/A,N/A,N/A,N/A,N/A,N/A,N/A,N/A,N/A,N/A,N/A,-1.0,0.0,-100.0,-100.0,-100.0,-100,-100.0,-100.0,-100.0,-100.0
solomonexchange,N/A,27 Sep 2017,N/A,N/A,N/A,N/A,N/A,N/A,N/A,N/A,N/A,N/A,N/A,N/A,N/A,N/A,-1.0,0.0,-100.0,-100.0,-100.0,-100,-100.0,-100.0,-100.0,-100.0
hackspacecapital,N/A,20 Sep 2017,N/A,N/A,N/A,N/A,N/A,N/A,N/A,N/A,N/A,N/A,N/A,N/A,N/A,N/A,-1.0,0.0,-100.0,-100.0,-100.0,-100,-100.0,-100.0,-100.0,-100.0
impakfinance,N/A,20 Sep 2017,N/A,N/A,N/A,N/A,N/A,N/A,N/A,N/A,N/A,N/A,N/A,N/A,N/A,N/A,-1.0,0.0,-100.0,-100.0,-100.0,-100,-100.0,-100.0,-100.0,-100.0
modum.io,N/A,22 Sep 2017,N/A,N/A,N/A,N/A,N/A,N/A,N/A,N/A,N/A,N/A,N/A,N/A,N/A,N/A,-1.0,0.0,-100.0,-100.0,-100.0,-100,-100.0,-100.0,-100.0,-100.0
detectortoken,N/A,20 Sep 2017,N/A,N/A,N/A,N/A,N/A,N/A,N/A,N/A,N/A,N/A,N/A,N/A,N/A,N/A,-1.0,0.0,-100.0,-100.0,-100.0,-100,-100.0,-100.0,-100.0,-100.0
silentnotary,N/A,18 Sep 2017,N/A,N/A,N/A,N/A,N/A,N/A,N/A,N/A,N/A,N/A,N/A,N/A,N/A,N/A,-1.0,0.0,-100.0,-100.0,-100.0,-100,-100.0,-100.0,-100.0,-100.0
intelligenttradingtech,N/A,17 Sep 2017,N/A,N/A,N/A,N/A,N/A,N/A,N/A,N/A,N/A,N/A,N/A,N/A,N/A,N/A,-1.0,0.0,-100.0,-100.0,-100.0,-100,-100.0,-100.0,-100.0,-100.0
kybernetwork,N/A,16 Sep 2017,N/A,N/A,N/A,N/A,N/A,N/A,N/A,N/A,N/A,N/A,N/A,N/A,N/A,N/A,-1.0,0.0,-100.0,-100.0,-100.0,-100,-100.0,-100.0,-100.0,-100.0
kickico,N/A,16 Sep 2017,N/A,N/A,N/A,N/A,N/A,N/A,N/A,N/A,N/A,N/A,N/A,N/A,N/A,N/A,-1.0,0.0,-100.0,-100.0,-100.0,-100,-100.0,-100.0,-100.0,-100.0
atbcoin,N/A,15 Sep 2017,N/A,N/A,N/A,N/A,N/A,N/A,N/A,N/A,N/A,N/A,N/A,N/A,N/A,N/A,-1.0,0.0,-100.0,-100.0,-100.0,-100,-100.0,-100.0,-100.0,-100.0
smartinvestmentfundtoken,N/A,15 Sep 2017,N/A,N/A,N/A,N/A,N/A,N/A,N/A,N/A,N/A,N/A,N/A,N/A,N/A,N/A,-1.0,0.0,-100.0,-100.0,-100.0,-100,-100.0,-100.0,-100.0,-100.0
trackr,N/A,15 Sep 2017,N/A,N/A,N/A,N/A,N/A,N/A,N/A,N/A,N/A,N/A,N/A,N/A,N/A,N/A,-1.0,0.0,-100.0,-100.0,-100.0,-100,-100.0,-100.0,-100.0,-100.0
propy,N/A,15 Sep 2017,N/A,N/A,N/A,N/A,N/A,N/A,N/A,N/A,N/A,N/A,N/A,N/A,N/A,N/A,-1.0,0.0,-100.0,-100.0,-100.0,-100,-100.0,-100.0,-100.0,-100.0
facecoin,N/A,15 Sep 2017,N/A,N/A,N/A,N/A,N/A,N/A,N/A,N/A,N/A,N/A,N/A,N/A,N/A,N/A,-1.0,0.0,-100.0,-100.0,-100.0,-100,-100.0,-100.0,-100.0,-100.0
icobox,N/A,15 Sep 2017,N/A,N/A,N/A,N/A,N/A,N/A,N/A,N/A,N/A,N/A,N/A,N/A,N/A,N/A,-1.0,0.0,-100.0,-100.0,-100.0,-100,-100.0,-100.0,-100.0,-100.0
social(scl),N/A,14 Sep 2017,N/A,N/A,N/A,N/A,N/A,N/A,N/A,N/A,N/A,N/A,N/A,N/A,N/A,N/A,-1.0,0.0,-100.0,-100.0,-100.0,-100,-100.0,-100.0,-100.0,-100.0
bitdice,N/A,14 Sep 2017,N/A,N/A,N/A,N/A,N/A,N/A,N/A,N/A,N/A,N/A,N/A,N/A,N/A,N/A,-1.0,0.0,-100.0,-100.0,-100.0,-100,-100.0,-100.0,-100.0,-100.0
aventus,N/A,12 Sep 2017,N/A,N/A,N/A,N/A,N/A,N/A,N/A,N/A,N/A,N/A,N/A,N/A,N/A,N/A,-1.0,0.0,-100.0,-100.0,-100.0,-100,-100.0,-100.0,-100.0,-100.0
enigmacatalyst,N/A,12 Sep 2017,N/A,N/A,N/A,N/A,N/A,N/A,N/A,N/A,N/A,N/A,N/A,N/A,N/A,N/A,-1.0,0.0,-100.0,-100.0,-100.0,-100,-100.0,-100.0,-100.0,-100.0
ahoolee,N/A,11 Sep 2017,N/A,N/A,N/A,N/A,N/A,N/A,N/A,N/A,N/A,N/A,N/A,N/A,N/A,N/A,-1.0,0.0,-100.0,-100.0,-100.0,-100,-100.0,-100.0,-100.0,-100.0
stuffgogo,N/A,11 Sep 2017,N/A,N/A,N/A,N/A,N/A,N/A,N/A,N/A,N/A,N/A,N/A,N/A,N/A,N/A,-1.0,0.0,-100.0,-100.0,-100.0,-100,-100.0,-100.0,-100.0,-100.0
prospector,N/A,10 Sep 2017,N/A,N/A,N/A,N/A,N/A,N/A,N/A,N/A,N/A,N/A,N/A,N/A,N/A,N/A,-1.0,0.0,-100.0,-100.0,-100.0,-100,-100.0,-100.0,-100.0,-100.0
rivetz,N/A,10 Sep 2017,N/A,N/A,N/A,N/A,N/A,N/A,N/A,N/A,N/A,N/A,N/A,N/A,N/A,N/A,-1.0,0.0,-100.0,-100.0,-100.0,-100,-100.0,-100.0,-100.0,-100.0
onegram,N/A,10 Sep 2017,N/A,N/A,N/A,N/A,N/A,N/A,N/A,N/A,N/A,N/A,N/A,N/A,N/A,N/A,-1.0,0.0,-100.0,-100.0,-100.0,-100,-100.0,-100.0,-100.0,-100.0
filecoin,N/A,10 Sep 2017,N/A,N/A,N/A,N/A,N/A,N/A,N/A,N/A,N/A,N/A,N/A,N/A,N/A,N/A,-1.0,0.0,-100.0,-100.0,-100.0,-100,-100.0,-100.0,-100.0,-100.0
fujinto,N/A,10 Sep 2017,N/A,N/A,N/A,N/A,N/A,N/A,N/A,N/A,N/A,N/A,N/A,N/A,N/A,N/A,-1.0,0.0,-100.0,-100.0,-100.0,-100,-100.0,-100.0,-100.0,-100.0
alpencoin,N/A,10 Sep 2017,N/A,N/A,N/A,N/A,N/A,N/A,N/A,N/A,N/A,N/A,N/A,N/A,N/A,N/A,-1.0,0.0,-100.0,-100.0,-100.0,-100,-100.0,-100.0,-100.0,-100.0
hubii,N/A,07 Sep 2017,N/A,N/A,N/A,N/A,N/A,N/A,N/A,N/A,N/A,N/A,N/A,N/A,N/A,N/A,-1.0,0.0,-100.0,-100.0,-100.0,-100,-100.0,-100.0,-100.0,-100.0
revain,N/A,06 Sep 2017,N/A,N/A,N/A,N/A,N/A,N/A,N/A,N/A,N/A,N/A,N/A,N/A,N/A,N/A,-1.0,0.0,-100.0,-100.0,-100.0,-100,-100.0,-100.0,-100.0,-100.0
substratum,N/A,06 Sep 2017,N/A,N/A,N/A,N/A,N/A,N/A,N/A,N/A,N/A,N/A,N/A,N/A,N/A,N/A,-1.0,0.0,-100.0,-100.0,-100.0,-100,-100.0,-100.0,-100.0,-100.0
worldwideanonymousmessaging,N/A,06 Sep 2017,N/A,N/A,N/A,N/A,N/A,N/A,N/A,N/A,N/A,N/A,N/A,N/A,N/A,N/A,-1.0,0.0,-100.0,-100.0,-100.0,-100,-100.0,-100.0,-100.0,-100.0
coss,N/A,06 Sep 2017,N/A,N/A,N/A,N/A,N/A,N/A,N/A,N/A,N/A,N/A,N/A,N/A,N/A,N/A,-1.0,0.0,-100.0,-100.0,-100.0,-100,-100.0,-100.0,-100.0,-100.0
indorse,N/A,06 Sep 2017,N/A,N/A,N/A,N/A,N/A,N/A,N/A,N/A,N/A,N/A,N/A,N/A,N/A,N/A,-1.0,0.0,-100.0,-100.0,-100.0,-100,-100.0,-100.0,-100.0,-100.0
viberate,N/A,05 Sep 2017,N/A,N/A,N/A,N/A,N/A,N/A,N/A,N/A,N/A,N/A,N/A,N/A,N/A,N/A,-1.0,0.0,-100.0,-100.0,-100.0,-100,-100.0,-100.0,-100.0,-100.0
finshicapital,N/A,31 Aug 2017,N/A,N/A,N/A,N/A,N/A,N/A,N/A,N/A,N/A,N/A,N/A,N/A,N/A,N/A,-1.0,0.0,-100.0,-100.0,-100.0,-100,-100.0,-100.0,-100.0,-100.0
moeda,N/A,31 Aug 2017,N/A,N/A,N/A,N/A,N/A,N/A,N/A,N/A,N/A,N/A,N/A,N/A,N/A,N/A,-1.0,0.0,-100.0,-100.0,-100.0,-100,-100.0,-100.0,-100.0,-100.0
atbcoin,N/A,31 Aug 2017,N/A,N/A,N/A,N/A,N/A,N/A,N/A,N/A,N/A,N/A,N/A,N/A,N/A,N/A,-1.0,0.0,-100.0,-100.0,-100.0,-100,-100.0,-100.0,-100.0,-100.0
xplay,N/A,30 Aug 2017,N/A,N/A,N/A,N/A,N/A,N/A,N/A,N/A,N/A,N/A,N/A,N/A,N/A,N/A,-1.0,0.0,-100.0,-100.0,-100.0,-100,-100.0,-100.0,-100.0,-100.0
dmarket,N/A,21 Aug 2017,N/A,N/A,N/A,N/A,N/A,N/A,N/A,N/A,N/A,N/A,N/A,N/A,N/A,N/A,-1.0,0.0,-100.0,-100.0,-100.0,-100,-100.0,-100.0,-100.0,-100.0
corion,N/A,27 Aug 2017,N/A,N/A,N/A,N/A,N/A,N/A,N/A,N/A,N/A,N/A,N/A,N/A,N/A,N/A,-1.0,0.0,-100.0,-100.0,-100.0,-100,-100.0,-100.0,-100.0,-100.0
dimcoin,N/A,27 Aug 2017,N/A,N/A,N/A,N/A,N/A,N/A,N/A,N/A,N/A,N/A,N/A,N/A,N/A,N/A,-1.0,0.0,-100.0,-100.0,-100.0,-100,-100.0,-100.0,-100.0,-100.0
opus,N/A,24 Aug 2017,N/A,N/A,N/A,N/A,N/A,N/A,N/A,N/A,N/A,N/A,N/A,N/A,N/A,N/A,-1.0,0.0,-100.0,-100.0,-100.0,-100,-100.0,-100.0,-100.0,-100.0
paquarium,N/A,24 Aug 2017,N/A,N/A,N/A,N/A,N/A,N/A,N/A,N/A,N/A,N/A,N/A,N/A,N/A,N/A,-1.0,0.0,-100.0,-100.0,-100.0,-100,-100.0,-100.0,-100.0,-100.0
agrello,N/A,17 Aug 2017,N/A,N/A,N/A,N/A,N/A,N/A,N/A,N/A,N/A,N/A,N/A,N/A,N/A,N/A,-1.0,0.0,-100.0,-100.0,-100.0,-100,-100.0,-100.0,-100.0,-100.0
tierion,N/A,10 Aug 2017,N/A,N/A,N/A,N/A,N/A,N/A,N/A,N/A,N/A,N/A,N/A,N/A,N/A,N/A,-1.0,0.0,-100.0,-100.0,-100.0,-100,-100.0,-100.0,-100.0,-100.0
blocktix,N/A,07 Aug 2017,N/A,N/A,N/A,N/A,N/A,N/A,N/A,N/A,N/A,N/A,N/A,N/A,N/A,N/A,-1.0,0.0,-100.0,-100.0,-100.0,-100,-100.0,-100.0,-100.0,-100.0
monsterbyte,N/A,04 Aug 2017,N/A,N/A,N/A,N/A,N/A,N/A,N/A,N/A,N/A,N/A,N/A,N/A,N/A,N/A,-1.0,0.0,-100.0,-100.0,-100.0,-100,-100.0,-100.0,-100.0,-100.0
coindash,N/A,04 Aug 2017,N/A,N/A,N/A,N/A,N/A,N/A,N/A,N/A,N/A,N/A,N/A,N/A,N/A,N/A,-1.0,0.0,-100.0,-100.0,-100.0,-100,-100.0,-100.0,-100.0,-100.0
district0xnetwork,N/A,01 Aug 2017,N/A,N/A,N/A,N/A,N/A,N/A,N/A,N/A,N/A,N/A,N/A,N/A,N/A,N/A,-1.0,0.0,-100.0,-100.0,-100.0,-100,-100.0,-100.0,-100.0,-100.0
suncontract,N/A,01 Aug 2017,N/A,N/A,N/A,N/A,N/A,N/A,N/A,N/A,N/A,N/A,N/A,N/A,N/A,N/A,-1.0,0.0,-100.0,-100.0,-100.0,-100,-100.0,-100.0,-100.0,-100.0
fundyourselfnow,N/A,31 Jul 2017,N/A,N/A,N/A,N/A,N/A,N/A,N/A,N/A,N/A,N/A,N/A,N/A,N/A,N/A,-1.0,0.0,-100.0,-100.0,-100.0,-100,-100.0,-100.0,-100.0,-100.0
11.97,N/A,31 Jul 2017,N/A,N/A,N/A,N/A,N/A,N/A,N/A,N/A,N/A,N/A,N/A,N/A,N/A,N/A,-1.0,0.0,-100.0,-100.0,-100.0,-100,-100.0,-100.0,-100.0,-100.0
blocktix,N/A,28 Jul 2017,N/A,N/A,N/A,N/A,N/A,N/A,N/A,N/A,N/A,N/A,N/A,N/A,N/A,N/A,-1.0,0.0,-100.0,-100.0,-100.0,-100,-100.0,-100.0,-100.0,-100.0
rootproject,N/A,28 Jul 2017,N/A,N/A,N/A,N/A,N/A,N/A,N/A,N/A,N/A,N/A,N/A,N/A,N/A,N/A,-1.0,0.0,-100.0,-100.0,-100.0,-100,-100.0,-100.0,-100.0,-100.0
trueflip,N/A,28 Jul 2017,N/A,N/A,N/A,N/A,N/A,N/A,N/A,N/A,N/A,N/A,N/A,N/A,N/A,N/A,-1.0,0.0,-100.0,-100.0,-100.0,-100,-100.0,-100.0,-100.0,-100.0
geofounders,N/A,26 Jul 2017,N/A,N/A,N/A,N/A,N/A,N/A,N/A,N/A,N/A,N/A,N/A,N/A,N/A,N/A,-1.0,0.0,-100.0,-100.0,-100.0,-100,-100.0,-100.0,-100.0,-100.0
primalbase,N/A,26 Jul 2017,N/A,N/A,N/A,N/A,N/A,N/A,N/A,N/A,N/A,N/A,N/A,N/A,N/A,N/A,-1.0,0.0,-100.0,-100.0,-100.0,-100,-100.0,-100.0,-100.0,-100.0
dent,N/A,26 Jul 2017,N/A,N/A,N/A,N/A,N/A,N/A,N/A,N/A,N/A,N/A,N/A,N/A,N/A,N/A,-1.0,0.0,-100.0,-100.0,-100.0,-100,-100.0,-100.0,-100.0,-100.0
eros,N/A,23 Jul 2017,N/A,N/A,N/A,N/A,N/A,N/A,N/A,N/A,N/A,N/A,N/A,N/A,N/A,N/A,-1.0,0.0,-100.0,-100.0,-100.0,-100,-100.0,-100.0,-100.0,-100.0
skincoin,N/A,21 Jul 2017,N/A,N/A,N/A,N/A,N/A,N/A,N/A,N/A,N/A,N/A,N/A,N/A,N/A,N/A,-1.0,0.0,-100.0,-100.0,-100.0,-100,-100.0,-100.0,-100.0,-100.0
gilgam,N/A,20 Jul 2017,N/A,N/A,N/A,N/A,N/A,N/A,N/A,N/A,N/A,N/A,N/A,N/A,N/A,N/A,-1.0,0.0,-100.0,-100.0,-100.0,-100,-100.0,-100.0,-100.0,-100.0
gilgam.es,N/A,20 Jul 2017,N/A,N/A,N/A,N/A,N/A,N/A,N/A,N/A,N/A,N/A,N/A,N/A,N/A,N/A,-1.0,0.0,-100.0,-100.0,-100.0,-100,-100.0,-100.0,-100.0,-100.0
pillar,N/A,17 Jul 2017,N/A,N/A,N/A,N/A,N/A,N/A,N/A,N/A,N/A,N/A,N/A,N/A,N/A,N/A,-1.0,0.0,-100.0,-100.0,-100.0,-100,-100.0,-100.0,-100.0,-100.0
coindash,N/A,17 Jul 2017,N/A,N/A,N/A,N/A,N/A,N/A,N/A,N/A,N/A,N/A,N/A,N/A,N/A,N/A,-1.0,0.0,-100.0,-100.0,-100.0,-100,-100.0,-100.0,-100.0,-100.0
sumerchain,N/A,17 Jul 2017,N/A,N/A,N/A,N/A,N/A,N/A,N/A,N/A,N/A,N/A,N/A,N/A,N/A,N/A,-1.0,0.0,-100.0,-100.0,-100.0,-100,-100.0,-100.0,-100.0,-100.0
mothership,N/A,16 Jul 2017,N/A,N/A,N/A,N/A,N/A,N/A,N/A,N/A,N/A,N/A,N/A,N/A,N/A,N/A,-1.0,0.0,-100.0,-100.0,-100.0,-100,-100.0,-100.0,-100.0,-100.0
bitquence,N/A,16 Jul 2017,N/A,N/A,N/A,N/A,N/A,N/A,N/A,N/A,N/A,N/A,N/A,N/A,N/A,N/A,-1.0,0.0,-100.0,-100.0,-100.0,-100,-100.0,-100.0,-100.0,-100.0
pressone,N/A,15 Jul 2017,N/A,N/A,N/A,N/A,N/A,N/A,N/A,N/A,N/A,N/A,N/A,N/A,N/A,N/A,-1.0,0.0,-100.0,-100.0,-100.0,-100,-100.0,-100.0,-100.0,-100.0
sonm,N/A,15 Jul 2017,N/A,N/A,N/A,N/A,N/A,N/A,N/A,N/A,N/A,N/A,N/A,N/A,N/A,N/A,-1.0,0.0,-100.0,-100.0,-100.0,-100,-100.0,-100.0,-100.0,-100.0
orocrypt,N/A,14 Jul 2017,N/A,N/A,N/A,N/A,N/A,N/A,N/A,N/A,N/A,N/A,N/A,N/A,N/A,N/A,-1.0,0.0,-100.0,-100.0,-100.0,-100,-100.0,-100.0,-100.0,-100.0
fuck,N/A,13 Jul 2017,N/A,N/A,N/A,N/A,N/A,N/A,N/A,N/A,N/A,N/A,N/A,N/A,N/A,N/A,-1.0,0.0,-100.0,-100.0,-100.0,-100,-100.0,-100.0,-100.0,-100.0
tezos,N/A,13 Jul 2017,N/A,N/A,N/A,N/A,N/A,N/A,N/A,N/A,N/A,N/A,N/A,N/A,N/A,N/A,-1.0,0.0,-100.0,-100.0,-100.0,-100,-100.0,-100.0,-100.0,-100.0
insurex,N/A,13 Jul 2017,N/A,N/A,N/A,N/A,N/A,N/A,N/A,N/A,N/A,N/A,N/A,N/A,N/A,N/A,-1.0,0.0,-100.0,-100.0,-100.0,-100,-100.0,-100.0,-100.0,-100.0
nimiq,N/A,12 Jul 2017,N/A,N/A,N/A,N/A,N/A,N/A,N/A,N/A,N/A,N/A,N/A,N/A,N/A,N/A,-1.0,0.0,-100.0,-100.0,-100.0,-100,-100.0,-100.0,-100.0,-100.0
atbcoin,N/A,12 Jul 2017,N/A,N/A,N/A,N/A,N/A,N/A,N/A,N/A,N/A,N/A,N/A,N/A,N/A,N/A,-1.0,0.0,-100.0,-100.0,-100.0,-100,-100.0,-100.0,-100.0,-100.0
leviarcoin,N/A,09 Jul 2017,N/A,N/A,N/A,N/A,N/A,N/A,N/A,N/A,N/A,N/A,N/A,N/A,N/A,N/A,-1.0,0.0,-100.0,-100.0,-100.0,-100,-100.0,-100.0,-100.0,-100.0
onplace,N/A,06 Jul 2017,N/A,N/A,N/A,N/A,N/A,N/A,N/A,N/A,N/A,N/A,N/A,N/A,N/A,N/A,-1.0,0.0,-100.0,-100.0,-100.0,-100,-100.0,-100.0,-100.0,-100.0
polybius,N/A,05 Jul 2017,N/A,N/A,N/A,N/A,N/A,N/A,N/A,N/A,N/A,N/A,N/A,N/A,N/A,N/A,-1.0,0.0,-100.0,-100.0,-100.0,-100,-100.0,-100.0,-100.0,-100.0
santiment,N/A,05 Jul 2017,N/A,N/A,N/A,N/A,N/A,N/A,N/A,N/A,N/A,N/A,N/A,N/A,N/A,N/A,-1.0,0.0,-100.0,-100.0,-100.0,-100,-100.0,-100.0,-100.0,-100.0
openanx,N/A,04 Jul 2017,N/A,N/A,N/A,N/A,N/A,N/A,N/A,N/A,N/A,N/A,N/A,N/A,N/A,N/A,-1.0,0.0,-100.0,-100.0,-100.0,-100,-100.0,-100.0,-100.0,-100.0
rialto,N/A,04 Jul 2017,N/A,N/A,N/A,N/A,N/A,N/A,N/A,N/A,N/A,N/A,N/A,N/A,N/A,N/A,-1.0,0.0,-100.0,-100.0,-100.0,-100,-100.0,-100.0,-100.0,-100.0
starta,N/A,04 Jul 2017,N/A,N/A,N/A,N/A,N/A,N/A,N/A,N/A,N/A,N/A,N/A,N/A,N/A,N/A,-1.0,0.0,-100.0,-100.0,-100.0,-100,-100.0,-100.0,-100.0,-100.0
crypviser,N/A,04 Jul 2017,N/A,N/A,N/A,N/A,N/A,N/A,N/A,N/A,N/A,N/A,N/A,N/A,N/A,N/A,-1.0,0.0,-100.0,-100.0,-100.0,-100,-100.0,-100.0,-100.0,-100.0
rialto.ai,N/A,03 Jul 2017,N/A,N/A,N/A,N/A,N/A,N/A,N/A,N/A,N/A,N/A,N/A,N/A,N/A,N/A,-1.0,0.0,-100.0,-100.0,-100.0,-100,-100.0,-100.0,-100.0,-100.0
encryptotel,N/A,01 Jul 2017,N/A,N/A,N/A,N/A,N/A,N/A,N/A,N/A,N/A,N/A,N/A,N/A,N/A,N/A,-1.0,0.0,-100.0,-100.0,-100.0,-100,-100.0,-100.0,-100.0,-100.0
adex,N/A,30 Jun 2017,N/A,N/A,N/A,N/A,N/A,N/A,N/A,N/A,N/A,N/A,N/A,N/A,N/A,N/A,-1.0,0.0,-100.0,-100.0,-100.0,-100,-100.0,-100.0,-100.0,-100.0
blockpool,N/A,30 Jun 2017,N/A,N/A,N/A,N/A,N/A,N/A,N/A,N/A,N/A,N/A,N/A,N/A,N/A,N/A,-1.0,0.0,-100.0,-100.0,-100.0,-100,-100.0,-100.0,-100.0,-100.0
dcorp,N/A,29 Jun 2017,N/A,N/A,N/A,N/A,N/A,N/A,N/A,N/A,N/A,N/A,N/A,N/A,N/A,N/A,-1.0,0.0,-100.0,-100.0,-100.0,-100,-100.0,-100.0,-100.0,-100.0
air,N/A,29 Jun 2017,N/A,N/A,N/A,N/A,N/A,N/A,N/A,N/A,N/A,N/A,N/A,N/A,N/A,N/A,-1.0,0.0,-100.0,-100.0,-100.0,-100,-100.0,-100.0,-100.0,-100.0
21million,N/A,28 Jun 2017,N/A,N/A,N/A,N/A,N/A,N/A,N/A,N/A,N/A,N/A,N/A,N/A,N/A,N/A,-1.0,0.0,-100.0,-100.0,-100.0,-100,-100.0,-100.0,-100.0,-100.0
silvercoin,N/A,27 Jun 2017,N/A,N/A,N/A,N/A,N/A,N/A,N/A,N/A,N/A,N/A,N/A,N/A,N/A,N/A,-1.0,0.0,-100.0,-100.0,-100.0,-100,-100.0,-100.0,-100.0,-100.0
idice,N/A,26 Jun 2017,N/A,N/A,N/A,N/A,N/A,N/A,N/A,N/A,N/A,N/A,N/A,N/A,N/A,N/A,-1.0,0.0,-100.0,-100.0,-100.0,-100,-100.0,-100.0,-100.0,-100.0
octanox,N/A,26 Jun 2017,N/A,N/A,N/A,N/A,N/A,N/A,N/A,N/A,N/A,N/A,N/A,N/A,N/A,N/A,-1.0,0.0,-100.0,-100.0,-100.0,-100,-100.0,-100.0,-100.0,-100.0
wagerr,N/A,25 Jun 2017,N/A,N/A,N/A,N/A,N/A,N/A,N/A,N/A,N/A,N/A,N/A,N/A,N/A,N/A,-1.0,0.0,-100.0,-100.0,-100.0,-100,-100.0,-100.0,-100.0,-100.0
cryptoping,N/A,25 Jun 2017,N/A,N/A,N/A,N/A,N/A,N/A,N/A,N/A,N/A,N/A,N/A,N/A,N/A,N/A,-1.0,0.0,-100.0,-100.0,-100.0,-100,-100.0,-100.0,-100.0,-100.0
nvo,N/A,25 Jun 2017,N/A,N/A,N/A,N/A,N/A,N/A,N/A,N/A,N/A,N/A,N/A,N/A,N/A,N/A,-1.0,0.0,-100.0,-100.0,-100.0,-100,-100.0,-100.0,-100.0,-100.0
tenx,N/A,24 Jun 2017,N/A,N/A,N/A,N/A,N/A,N/A,N/A,N/A,N/A,N/A,N/A,N/A,N/A,N/A,-1.0,0.0,-100.0,-100.0,-100.0,-100,-100.0,-100.0,-100.0,-100.0
masknetwork,N/A,24 Jun 2017,N/A,N/A,N/A,N/A,N/A,N/A,N/A,N/A,N/A,N/A,N/A,N/A,N/A,N/A,-1.0,0.0,-100.0,-100.0,-100.0,-100,-100.0,-100.0,-100.0,-100.0
omisego,N/A,23 Jun 2017,N/A,N/A,N/A,N/A,N/A,N/A,N/A,N/A,N/A,N/A,N/A,N/A,N/A,N/A,-1.0,0.0,-100.0,-100.0,-100.0,-100,-100.0,-100.0,-100.0,-100.0
footballcoin,N/A,23 Jun 2017,N/A,N/A,N/A,N/A,N/A,N/A,N/A,N/A,N/A,N/A,N/A,N/A,N/A,N/A,-1.0,0.0,-100.0,-100.0,-100.0,-100,-100.0,-100.0,-100.0,-100.0
civic,N/A,22 Jun 2017,N/A,N/A,N/A,N/A,N/A,N/A,N/A,N/A,N/A,N/A,N/A,N/A,N/A,N/A,-1.0,0.0,-100.0,-100.0,-100.0,-100,-100.0,-100.0,-100.0,-100.0
status,N/A,21 Jun 2017,N/A,N/A,N/A,N/A,N/A,N/A,N/A,N/A,N/A,N/A,N/A,N/A,N/A,N/A,-1.0,0.0,-100.0,-100.0,-100.0,-100,-100.0,-100.0,-100.0,-100.0
internetofcoins,N/A,21 Jun 2017,N/A,N/A,N/A,N/A,N/A,N/A,N/A,N/A,N/A,N/A,N/A,N/A,N/A,N/A,-1.0,0.0,-100.0,-100.0,-100.0,-100,-100.0,-100.0,-100.0,-100.0
monaco,N/A,18 Jun 2017,N/A,N/A,N/A,N/A,N/A,N/A,N/A,N/A,N/A,N/A,N/A,N/A,N/A,N/A,-1.0,0.0,-100.0,-100.0,-100.0,-100,-100.0,-100.0,-100.0,-100.0
bidlend,N/A,14 Jun 2017,N/A,N/A,N/A,N/A,N/A,N/A,N/A,N/A,N/A,N/A,N/A,N/A,N/A,N/A,-1.0,0.0,-100.0,-100.0,-100.0,-100,-100.0,-100.0,-100.0,-100.0
minexcoin,N/A,13 Jun 2017,N/A,N/A,N/A,N/A,N/A,N/A,N/A,N/A,N/A,N/A,N/A,N/A,N/A,N/A,-1.0,0.0,-100.0,-100.0,-100.0,-100,-100.0,-100.0,-100.0,-100.0
superdao,N/A,13 Jun 2017,N/A,N/A,N/A,N/A,N/A,N/A,N/A,N/A,N/A,N/A,N/A,N/A,N/A,N/A,-1.0,0.0,-100.0,-100.0,-100.0,-100,-100.0,-100.0,-100.0,-100.0
bancor,N/A,12 Jun 2017,N/A,N/A,N/A,N/A,N/A,N/A,N/A,N/A,N/A,N/A,N/A,N/A,N/A,N/A,-1.0,0.0,-100.0,-100.0,-100.0,-100,-100.0,-100.0,-100.0,-100.0
aira,N/A,11 Jun 2017,N/A,N/A,N/A,N/A,N/A,N/A,N/A,N/A,N/A,N/A,N/A,N/A,N/A,N/A,-1.0,0.0,-100.0,-100.0,-100.0,-100,-100.0,-100.0,-100.0,-100.0
zrcoin,N/A,09 Jun 2017,N/A,N/A,N/A,N/A,N/A,N/A,N/A,N/A,N/A,N/A,N/A,N/A,N/A,N/A,-1.0,0.0,-100.0,-100.0,-100.0,-100,-100.0,-100.0,-100.0,-100.0
ecobit,N/A,08 Jun 2017,N/A,N/A,N/A,N/A,N/A,N/A,N/A,N/A,N/A,N/A,N/A,N/A,N/A,N/A,-1.0,0.0,-100.0,-100.0,-100.0,-100,-100.0,-100.0,-100.0,-100.0
cofound.it,N/A,06 Jun 2017,N/A,N/A,N/A,N/A,N/A,N/A,N/A,N/A,N/A,N/A,N/A,N/A,N/A,N/A,-1.0,0.0,-100.0,-100.0,-100.0,-100,-100.0,-100.0,-100.0,-100.0
voise,N/A,06 Jun 2017,N/A,N/A,N/A,N/A,N/A,N/A,N/A,N/A,N/A,N/A,N/A,N/A,N/A,N/A,-1.0,0.0,-100.0,-100.0,-100.0,-100,-100.0,-100.0,-100.0,-100.0
patientory,N/A,03 Jun 2017,N/A,N/A,N/A,N/A,N/A,N/A,N/A,N/A,N/A,N/A,N/A,N/A,N/A,N/A,-1.0,0.0,-100.0,-100.0,-100.0,-100,-100.0,-100.0,-100.0,-100.0
embermine,N/A,02 Jun 2017,N/A,N/A,N/A,N/A,N/A,N/A,N/A,N/A,N/A,N/A,N/A,N/A,N/A,N/A,-1.0,0.0,-100.0,-100.0,-100.0,-100,-100.0,-100.0,-100.0,-100.0
adel,N/A,01 Jun 2017,N/A,N/A,N/A,N/A,N/A,N/A,N/A,N/A,N/A,N/A,N/A,N/A,N/A,N/A,-1.0,0.0,-100.0,-100.0,-100.0,-100,-100.0,-100.0,-100.0,-100.0
basicattentiontoken,N/A,31 May 2017,N/A,N/A,N/A,N/A,N/A,N/A,N/A,N/A,N/A,N/A,N/A,N/A,N/A,N/A,-1.0,0.0,-100.0,-100.0,-100.0,-100,-100.0,-100.0,-100.0,-100.0
exscudo,N/A,31 May 2017,N/A,N/A,N/A,N/A,N/A,N/A,N/A,N/A,N/A,N/A,N/A,N/A,N/A,N/A,-1.0,0.0,-100.0,-100.0,-100.0,-100,-100.0,-100.0,-100.0,-100.0
mysteriumnetwork,N/A,30 May 2017,N/A,N/A,N/A,N/A,N/A,N/A,N/A,N/A,N/A,N/A,N/A,N/A,N/A,N/A,-1.0,0.0,-100.0,-100.0,-100.0,-100,-100.0,-100.0,-100.0,-100.0
suretly,N/A,30 May 2017,N/A,N/A,N/A,N/A,N/A,N/A,N/A,N/A,N/A,N/A,N/A,N/A,N/A,N/A,-1.0,0.0,-100.0,-100.0,-100.0,-100,-100.0,-100.0,-100.0,-100.0
veritaseum,N/A,26 May 2017,N/A,N/A,N/A,N/A,N/A,N/A,N/A,N/A,N/A,N/A,N/A,N/A,N/A,N/A,-1.0,0.0,-100.0,-100.0,-100.0,-100,-100.0,-100.0,-100.0,-100.0
metal,N/A,26 May 2017,N/A,N/A,N/A,N/A,N/A,N/A,N/A,N/A,N/A,N/A,N/A,N/A,N/A,N/A,-1.0,0.0,-100.0,-100.0,-100.0,-100,-100.0,-100.0,-100.0,-100.0
mobilego,N/A,25 May 2017,N/A,N/A,N/A,N/A,N/A,N/A,N/A,N/A,N/A,N/A,N/A,N/A,N/A,N/A,-1.0,0.0,-100.0,-100.0,-100.0,-100,-100.0,-100.0,-100.0,-100.0
storj,N/A,25 May 2017,N/A,N/A,N/A,N/A,N/A,N/A,N/A,N/A,N/A,N/A,N/A,N/A,N/A,N/A,-1.0,0.0,-100.0,-100.0,-100.0,-100,-100.0,-100.0,-100.0,-100.0
e4row,N/A,22 May 2017,N/A,N/A,N/A,N/A,N/A,N/A,N/A,N/A,N/A,N/A,N/A,N/A,N/A,N/A,-1.0,0.0,-100.0,-100.0,-100.0,-100,-100.0,-100.0,-100.0,-100.0
vivacoin,N/A,21 May 2017,N/A,N/A,N/A,N/A,N/A,N/A,N/A,N/A,N/A,N/A,N/A,N/A,N/A,N/A,-1.0,0.0,-100.0,-100.0,-100.0,-100,-100.0,-100.0,-100.0,-100.0
aragon,N/A,17 May 2017,N/A,N/A,N/A,N/A,N/A,N/A,N/A,N/A,N/A,N/A,N/A,N/A,N/A,N/A,-1.0,0.0,-100.0,-100.0,-100.0,-100,-100.0,-100.0,-100.0,-100.0
bitcoingrowthfund,N/A,17 May 2017,N/A,N/A,N/A,N/A,N/A,N/A,N/A,N/A,N/A,N/A,N/A,N/A,N/A,N/A,-1.0,0.0,-100.0,-100.0,-100.0,-100,-100.0,-100.0,-100.0,-100.0
peerplays,N/A,15 May 2017,N/A,N/A,N/A,N/A,N/A,N/A,N/A,N/A,N/A,N/A,N/A,N/A,N/A,N/A,-1.0,0.0,-100.0,-100.0,-100.0,-100,-100.0,-100.0,-100.0,-100.0
ethbits,N/A,15 May 2017,N/A,N/A,N/A,N/A,N/A,N/A,N/A,N/A,N/A,N/A,N/A,N/A,N/A,N/A,-1.0,0.0,-100.0,-100.0,-100.0,-100,-100.0,-100.0,-100.0,-100.0
legendsroom,N/A,15 May 2017,N/A,N/A,N/A,N/A,N/A,N/A,N/A,N/A,N/A,N/A,N/A,N/A,N/A,N/A,-1.0,0.0,-100.0,-100.0,-100.0,-100,-100.0,-100.0,-100.0,-100.0
boscoin,N/A,10 May 2017,N/A,N/A,N/A,N/A,N/A,N/A,N/A,N/A,N/A,N/A,N/A,N/A,N/A,N/A,-1.0,0.0,-100.0,-100.0,-100.0,-100,-100.0,-100.0,-100.0,-100.0
nexxus,N/A,08 May 2017,N/A,N/A,N/A,N/A,N/A,N/A,N/A,N/A,N/A,N/A,N/A,N/A,N/A,N/A,-1.0,0.0,-100.0,-100.0,-100.0,-100,-100.0,-100.0,-100.0,-100.0
quantumresistantledger,N/A,07 May 2017,N/A,N/A,N/A,N/A,N/A,N/A,N/A,N/A,N/A,N/A,N/A,N/A,N/A,N/A,-1.0,0.0,-100.0,-100.0,-100.0,-100,-100.0,-100.0,-100.0,-100.0
tokencard,N/A,02 May 2017,N/A,N/A,N/A,N/A,N/A,N/A,N/A,N/A,N/A,N/A,N/A,N/A,N/A,N/A,-1.0,0.0,-100.0,-100.0,-100.0,-100,-100.0,-100.0,-100.0,-100.0
creativechain,N/A,01 May 2017,N/A,N/A,N/A,N/A,N/A,N/A,N/A,N/A,N/A,N/A,N/A,N/A,N/A,N/A,-1.0,0.0,-100.0,-100.0,-100.0,-100,-100.0,-100.0,-100.0,-100.0
apptrade,N/A,30 Apr 2017,N/A,N/A,N/A,N/A,N/A,N/A,N/A,N/A,N/A,N/A,N/A,N/A,N/A,N/A,-1.0,0.0,-100.0,-100.0,-100.0,-100,-100.0,-100.0,-100.0,-100.0
lunyr,N/A,28 Apr 2017,N/A,N/A,N/A,N/A,N/A,N/A,N/A,N/A,N/A,N/A,N/A,N/A,N/A,N/A,-1.0,0.0,-100.0,-100.0,-100.0,-100,-100.0,-100.0,-100.0,-100.0
backtoearth,N/A,28 Apr 2017,N/A,N/A,N/A,N/A,N/A,N/A,N/A,N/A,N/A,N/A,N/A,N/A,N/A,N/A,-1.0,0.0,-100.0,-100.0,-100.0,-100,-100.0,-100.0,-100.0,-100.0
taas,N/A,27 Apr 2017,N/A,N/A,N/A,N/A,N/A,N/A,N/A,N/A,N/A,N/A,N/A,N/A,N/A,N/A,-1.0,0.0,-100.0,-100.0,-100.0,-100,-100.0,-100.0,-100.0,-100.0
humaniq,N/A,27 Apr 2017,N/A,N/A,N/A,N/A,N/A,N/A,N/A,N/A,N/A,N/A,N/A,N/A,N/A,N/A,-1.0,0.0,-100.0,-100.0,-100.0,-100,-100.0,-100.0,-100.0,-100.0
gnosis,N/A,24 Apr 2017,N/A,N/A,N/A,N/A,N/A,N/A,N/A,N/A,N/A,N/A,N/A,N/A,N/A,N/A,-1.0,0.0,-100.0,-100.0,-100.0,-100,-100.0,-100.0,-100.0,-100.0
iex.ec,N/A,19 Apr 2017,N/A,N/A,N/A,N/A,N/A,N/A,N/A,N/A,N/A,N/A,N/A,N/A,N/A,N/A,-1.0,0.0,-100.0,-100.0,-100.0,-100,-100.0,-100.0,-100.0,-100.0
wetrust,N/A,12 Apr 2017,N/A,N/A,N/A,N/A,N/A,N/A,N/A,N/A,N/A,N/A,N/A,N/A,N/A,N/A,-1.0,0.0,-100.0,-100.0,-100.0,-100,-100.0,-100.0,-100.0,-100.0
blockchaincapital,N/A,10 Apr 2017,N/A,N/A,N/A,N/A,N/A,N/A,N/A,N/A,N/A,N/A,N/A,N/A,N/A,N/A,-1.0,0.0,-100.0,-100.0,-100.0,-100,-100.0,-100.0,-100.0,-100.0
aeternity,N/A,06 Apr 2017,N/A,N/A,N/A,N/A,N/A,N/A,N/A,N/A,N/A,N/A,N/A,N/A,N/A,N/A,-1.0,0.0,-100.0,-100.0,-100.0,-100,-100.0,-100.0,-100.0,-100.0
cosmosnetwork,N/A,06 Apr 2017,N/A,N/A,N/A,N/A,N/A,N/A,N/A,N/A,N/A,N/A,N/A,N/A,N/A,N/A,-1.0,0.0,-100.0,-100.0,-100.0,-100,-100.0,-100.0,-100.0,-100.0
cosmos,N/A,05 Apr 2017,N/A,N/A,N/A,N/A,N/A,N/A,N/A,N/A,N/A,N/A,N/A,N/A,N/A,N/A,-1.0,0.0,-100.0,-100.0,-100.0,-100,-100.0,-100.0,-100.0,-100.0
matchpool,N/A,03 Apr 2017,N/A,N/A,N/A,N/A,N/A,N/A,N/A,N/A,N/A,N/A,N/A,N/A,N/A,N/A,-1.0,0.0,-100.0,-100.0,-100.0,-100,-100.0,-100.0,-100.0,-100.0
equibit,N/A,31 Mar 2017,N/A,N/A,N/A,N/A,N/A,N/A,N/A,N/A,N/A,N/A,N/A,N/A,N/A,N/A,-1.0,0.0,-100.0,-100.0,-100.0,-100,-100.0,-100.0,-100.0,-100.0
chainofpoints,N/A,31 Mar 2017,N/A,N/A,N/A,N/A,N/A,N/A,N/A,N/A,N/A,N/A,N/A,N/A,N/A,N/A,-1.0,0.0,-100.0,-100.0,-100.0,-100,-100.0,-100.0,-100.0,-100.0
cashscripter,N/A,30 Mar 2017,N/A,N/A,N/A,N/A,N/A,N/A,N/A,N/A,N/A,N/A,N/A,N/A,N/A,N/A,-1.0,0.0,-100.0,-100.0,-100.0,-100,-100.0,-100.0,-100.0,-100.0
qtum,N/A,21 Mar 2017,N/A,N/A,N/A,N/A,N/A,N/A,N/A,N/A,N/A,N/A,N/A,N/A,N/A,N/A,-1.0,0.0,-100.0,-100.0,-100.0,-100,-100.0,-100.0,-100.0,-100.0
edgeless,N/A,21 Mar 2017,N/A,N/A,N/A,N/A,N/A,N/A,N/A,N/A,N/A,N/A,N/A,N/A,N/A,N/A,-1.0,0.0,-100.0,-100.0,-100.0,-100,-100.0,-100.0,-100.0,-100.0
lykke,N/A,28 Feb 2017,N/A,N/A,N/A,N/A,N/A,N/A,N/A,N/A,N/A,N/A,N/A,N/A,N/A,N/A,-1.0,0.0,-100.0,-100.0,-100.0,-100,-100.0,-100.0,-100.0,-100.0
augmentors,N/A,28 Feb 2017,N/A,N/A,N/A,N/A,N/A,N/A,N/A,N/A,N/A,N/A,N/A,N/A,N/A,N/A,-1.0,0.0,-100.0,-100.0,-100.0,-100,-100.0,-100.0,-100.0,-100.0
lykke(2ndround),N/A,27 Feb 2017,N/A,N/A,N/A,N/A,N/A,N/A,N/A,N/A,N/A,N/A,N/A,N/A,N/A,N/A,-1.0,0.0,-100.0,-100.0,-100.0,-100,-100.0,-100.0,-100.0,-100.0
contingency,N/A,27 Feb 2017,N/A,N/A,N/A,N/A,N/A,N/A,N/A,N/A,N/A,N/A,N/A,N/A,N/A,N/A,-1.0,0.0,-100.0,-100.0,-100.0,-100,-100.0,-100.0,-100.0,-100.0
etheroll,N/A,26 Feb 2017,N/A,N/A,N/A,N/A,N/A,N/A,N/A,N/A,N/A,N/A,N/A,N/A,N/A,N/A,-1.0,0.0,-100.0,-100.0,-100.0,-100,-100.0,-100.0,-100.0,-100.0
melon,N/A,15 Feb 2017,N/A,N/A,N/A,N/A,N/A,N/A,N/A,N/A,N/A,N/A,N/A,N/A,N/A,N/A,-1.0,0.0,-100.0,-100.0,-100.0,-100,-100.0,-100.0,-100.0,-100.0
chronobank,N/A,14 Feb 2017,N/A,N/A,N/A,N/A,N/A,N/A,N/A,N/A,N/A,N/A,N/A,N/A,N/A,N/A,-1.0,0.0,-100.0,-100.0,-100.0,-100,-100.0,-100.0,-100.0,-100.0
dfinity,N/A,13 Feb 2017,N/A,N/A,N/A,N/A,N/A,N/A,N/A,N/A,N/A,N/A,N/A,N/A,N/A,N/A,-1.0,0.0,-100.0,-100.0,-100.0,-100,-100.0,-100.0,-100.0,-100.0
tokes,N/A,14 Jan 2017,N/A,N/A,N/A,N/A,N/A,N/A,N/A,N/A,N/A,N/A,N/A,N/A,N/A,N/A,-1.0,0.0,-100.0,-100.0,-100.0,-100,-100.0,-100.0,-100.0,-100.0
wings,N/A,06 Jan 2017,N/A,N/A,N/A,N/A,N/A,N/A,N/A,N/A,N/A,N/A,N/A,N/A,N/A,N/A,-1.0,0.0,-100.0,-100.0,-100.0,-100,-100.0,-100.0,-100.0,-100.0
betking,N/A,31 Dec 2016,N/A,N/A,N/A,N/A,N/A,N/A,N/A,N/A,N/A,N/A,N/A,N/A,N/A,N/A,-1.0,0.0,-100.0,-100.0,-100.0,-100,-100.0,-100.0,-100.0,-100.0
darcrus,N/A,28 Dec 2016,N/A,N/A,N/A,N/A,N/A,N/A,N/A,N/A,N/A,N/A,N/A,N/A,N/A,N/A,-1.0,0.0,-100.0,-100.0,-100.0,-100,-100.0,-100.0,-100.0,-100.0
blockcdn,N/A,26 Dec 2016,N/A,N/A,N/A,N/A,N/A,N/A,N/A,N/A,N/A,N/A,N/A,N/A,N/A,N/A,-1.0,0.0,-100.0,-100.0,-100.0,-100,-100.0,-100.0,-100.0,-100.0
ether.camp,N/A,22 Dec 2016,N/A,N/A,N/A,N/A,N/A,N/A,N/A,N/A,N/A,N/A,N/A,N/A,N/A,N/A,-1.0,0.0,-100.0,-100.0,-100.0,-100,-100.0,-100.0,-100.0,-100.0
virtualaccelerator,N/A,21 Dec 2016,N/A,N/A,N/A,N/A,N/A,N/A,N/A,N/A,N/A,N/A,N/A,N/A,N/A,N/A,-1.0,0.0,-100.0,-100.0,-100.0,-100,-100.0,-100.0,-100.0,-100.0
mysterium(1stround),N/A,18 Dec 2016,N/A,N/A,N/A,N/A,N/A,N/A,N/A,N/A,N/A,N/A,N/A,N/A,N/A,N/A,-1.0,0.0,-100.0,-100.0,-100.0,-100,-100.0,-100.0,-100.0,-100.0
vdice,N/A,15 Dec 2016,N/A,N/A,N/A,N/A,N/A,N/A,N/A,N/A,N/A,N/A,N/A,N/A,N/A,N/A,-1.0,0.0,-100.0,-100.0,-100.0,-100,-100.0,-100.0,-100.0,-100.0
ark,N/A,11 Dec 2016,N/A,N/A,N/A,N/A,N/A,N/A,N/A,N/A,N/A,N/A,N/A,N/A,N/A,N/A,-1.0,0.0,-100.0,-100.0,-100.0,-100,-100.0,-100.0,-100.0,-100.0
golos,N/A,04 Dec 2016,N/A,N/A,N/A,N/A,N/A,N/A,N/A,N/A,N/A,N/A,N/A,N/A,N/A,N/A,-1.0,0.0,-100.0,-100.0,-100.0,-100,-100.0,-100.0,-100.0,-100.0
incent,N/A,30 Nov 2016,N/A,N/A,N/A,N/A,N/A,N/A,N/A,N/A,N/A,N/A,N/A,N/A,N/A,N/A,-1.0,0.0,-100.0,-100.0,-100.0,-100,-100.0,-100.0,-100.0,-100.0
beyondthevoid,N/A,30 Nov 2016,N/A,N/A,N/A,N/A,N/A,N/A,N/A,N/A,N/A,N/A,N/A,N/A,N/A,N/A,-1.0,0.0,-100.0,-100.0,-100.0,-100,-100.0,-100.0,-100.0,-100.0
massnetwork,N/A,30 Nov 2016,N/A,N/A,N/A,N/A,N/A,N/A,N/A,N/A,N/A,N/A,N/A,N/A,N/A,N/A,-1.0,0.0,-100.0,-100.0,-100.0,-100,-100.0,-100.0,-100.0,-100.0
arcadecity,N/A,29 Nov 2016,N/A,N/A,N/A,N/A,N/A,N/A,N/A,N/A,N/A,N/A,N/A,N/A,N/A,N/A,-1.0,0.0,-100.0,-100.0,-100.0,-100,-100.0,-100.0,-100.0,-100.0
etcwin,N/A,23 Nov 2016,N/A,N/A,N/A,N/A,N/A,N/A,N/A,N/A,N/A,N/A,N/A,N/A,N/A,N/A,-1.0,0.0,-100.0,-100.0,-100.0,-100,-100.0,-100.0,-100.0,-100.0
komodo,N/A,20 Nov 2016,N/A,N/A,N/A,N/A,N/A,N/A,N/A,N/A,N/A,N/A,N/A,N/A,N/A,N/A,-1.0,0.0,-100.0,-100.0,-100.0,-100,-100.0,-100.0,-100.0,-100.0
golem,N/A,11 Nov 2016,N/A,N/A,N/A,N/A,N/A,N/A,N/A,N/A,N/A,N/A,N/A,N/A,N/A,N/A,-1.0,0.0,-100.0,-100.0,-100.0,-100,-100.0,-100.0,-100.0,-100.0
kibolotto,N/A,09 Nov 2016,N/A,N/A,N/A,N/A,N/A,N/A,N/A,N/A,N/A,N/A,N/A,N/A,N/A,N/A,-1.0,0.0,-100.0,-100.0,-100.0,-100,-100.0,-100.0,-100.0,-100.0
decent,N/A,06 Nov 2016,N/A,N/A,N/A,N/A,N/A,N/A,N/A,N/A,N/A,N/A,N/A,N/A,N/A,N/A,-1.0,0.0,-100.0,-100.0,-100.0,-100,-100.0,-100.0,-100.0,-100.0
synereo,N/A,17 Oct 2016,N/A,N/A,N/A,N/A,N/A,N/A,N/A,N/A,N/A,N/A,N/A,N/A,N/A,N/A,-1.0,0.0,-100.0,-100.0,-100.0,-100,-100.0,-100.0,-100.0,-100.0
lykke(1stround),N/A,09 Oct 2016,N/A,N/A,N/A,N/A,N/A,N/A,N/A,N/A,N/A,N/A,N/A,N/A,N/A,N/A,-1.0,0.0,-100.0,-100.0,-100.0,-100,-100.0,-100.0,-100.0,-100.0
singulardtv,N/A,02 Oct 2016,N/A,N/A,N/A,N/A,N/A,N/A,N/A,N/A,N/A,N/A,N/A,N/A,N/A,N/A,-1.0,0.0,-100.0,-100.0,-100.0,-100,-100.0,-100.0,-100.0,-100.0
iconomi,N/A,26 Sep 2016,N/A,N/A,N/A,N/A,N/A,N/A,N/A,N/A,N/A,N/A,N/A,N/A,N/A,N/A,-1.0,0.0,-100.0,-100.0,-100.0,-100,-100.0,-100.0,-100.0,-100.0
firstblood,N/A,26 Sep 2016,N/A,N/A,N/A,N/A,N/A,N/A,N/A,N/A,N/A,N/A,N/A,N/A,N/A,N/A,-1.0,0.0,-100.0,-100.0,-100.0,-100,-100.0,-100.0,-100.0,-100.0
antshares,N/A,07 Sep 2016,N/A,N/A,N/A,N/A,N/A,N/A,N/A,N/A,N/A,N/A,N/A,N/A,N/A,N/A,-1.0,0.0,-100.0,-100.0,-100.0,-100,-100.0,-100.0,-100.0,-100.0
metaverse,N/A,05 Sep 2016,N/A,N/A,N/A,N/A,N/A,N/A,N/A,N/A,N/A,N/A,N/A,N/A,N/A,N/A,-1.0,0.0,-100.0,-100.0,-100.0,-100,-100.0,-100.0,-100.0,-100.0
blockpay,N/A,05 Sep 2016,N/A,N/A,N/A,N/A,N/A,N/A,N/A,N/A,N/A,N/A,N/A,N/A,N/A,N/A,-1.0,0.0,-100.0,-100.0,-100.0,-100,-100.0,-100.0,-100.0,-100.0
elastic,N/A,19 Aug 2016,N/A,N/A,N/A,N/A,N/A,N/A,N/A,N/A,N/A,N/A,N/A,N/A,N/A,N/A,-1.0,0.0,-100.0,-100.0,-100.0,-100,-100.0,-100.0,-100.0,-100.0
heat,N/A,16 Aug 2016,N/A,N/A,N/A,N/A,N/A,N/A,N/A,N/A,N/A,N/A,N/A,N/A,N/A,N/A,-1.0,0.0,-100.0,-100.0,-100.0,-100,-100.0,-100.0,-100.0,-100.0
icoo,N/A,30 Jul 2016,N/A,N/A,N/A,N/A,N/A,N/A,N/A,N/A,N/A,N/A,N/A,N/A,N/A,N/A,-1.0,0.0,-100.0,-100.0,-100.0,-100,-100.0,-100.0,-100.0,-100.0
xaurum,N/A,16 Jul 2016,N/A,N/A,N/A,N/A,N/A,N/A,N/A,N/A,N/A,N/A,N/A,N/A,N/A,N/A,-1.0,0.0,-100.0,-100.0,-100.0,-100,-100.0,-100.0,-100.0,-100.0
stratis,N/A,16 Jul 2016,N/A,N/A,N/A,N/A,N/A,N/A,N/A,N/A,N/A,N/A,N/A,N/A,N/A,N/A,-1.0,0.0,-100.0,-100.0,-100.0,-100,-100.0,-100.0,-100.0,-100.0
breakoutcoin,N/A,07 Jul 2016,N/A,N/A,N/A,N/A,N/A,N/A,N/A,N/A,N/A,N/A,N/A,N/A,N/A,N/A,-1.0,0.0,-100.0,-100.0,-100.0,-100,-100.0,-100.0,-100.0,-100.0
waves,N/A,01 Jun 2016,N/A,N/A,N/A,N/A,N/A,N/A,N/A,N/A,N/A,N/A,N/A,N/A,N/A,N/A,-1.0,0.0,-100.0,-100.0,-100.0,-100,-100.0,-100.0,-100.0,-100.0
rise,N/A,01 Jun 2016,N/A,N/A,N/A,N/A,N/A,N/A,N/A,N/A,N/A,N/A,N/A,N/A,N/A,N/A,-1.0,0.0,-100.0,-100.0,-100.0,-100,-100.0,-100.0,-100.0,-100.0
plutus,N/A,01 Jun 2016,N/A,N/A,N/A,N/A,N/A,N/A,N/A,N/A,N/A,N/A,N/A,N/A,N/A,N/A,-1.0,0.0,-100.0,-100.0,-100.0,-100,-100.0,-100.0,-100.0,-100.0
mycelium(2ndround),N/A,17 May 2016,N/A,N/A,N/A,N/A,N/A,N/A,N/A,N/A,N/A,N/A,N/A,N/A,N/A,N/A,-1.0,0.0,-100.0,-100.0,-100.0,-100,-100.0,-100.0,-100.0,-100.0
thedao,N/A,01 May 2016,N/A,N/A,N/A,N/A,N/A,N/A,N/A,N/A,N/A,N/A,N/A,N/A,N/A,N/A,-1.0,0.0,-100.0,-100.0,-100.0,-100,-100.0,-100.0,-100.0,-100.0
projectdecorum,N/A,01 May 2016,N/A,N/A,N/A,N/A,N/A,N/A,N/A,N/A,N/A,N/A,N/A,N/A,N/A,N/A,-1.0,0.0,-100.0,-100.0,-100.0,-100,-100.0,-100.0,-100.0,-100.0
ionomy,N/A,01 Apr 2016,N/A,N/A,N/A,N/A,N/A,N/A,N/A,N/A,N/A,N/A,N/A,N/A,N/A,N/A,-1.0,0.0,-100.0,-100.0,-100.0,-100,-100.0,-100.0,-100.0,-100.0
digixglobal,N/A,29 Mar 2016,N/A,N/A,N/A,N/A,N/A,N/A,N/A,N/A,N/A,N/A,N/A,N/A,N/A,N/A,-1.0,0.0,-100.0,-100.0,-100.0,-100,-100.0,-100.0,-100.0,-100.0
digixdao,N/A,28 Mar 2016,N/A,N/A,N/A,N/A,N/A,N/A,N/A,N/A,N/A,N/A,N/A,N/A,N/A,N/A,-1.0,0.0,-100.0,-100.0,-100.0,-100,-100.0,-100.0,-100.0,-100.0
lisk,N/A,21 Mar 2016,N/A,N/A,N/A,N/A,N/A,N/A,N/A,N/A,N/A,N/A,N/A,N/A,N/A,N/A,-1.0,0.0,-100.0,-100.0,-100.0,-100,-100.0,-100.0,-100.0,-100.0
obits,N/A,01 Jan 2016,N/A,N/A,N/A,N/A,N/A,N/A,N/A,N/A,N/A,N/A,N/A,N/A,N/A,N/A,-1.0,0.0,-100.0,-100.0,-100.0,-100,-100.0,-100.0,-100.0,-100.0
iota,N/A,20 Dec 2015,N/A,N/A,N/A,N/A,N/A,N/A,N/A,N/A,N/A,N/A,N/A,N/A,N/A,N/A,-1.0,0.0,-100.0,-100.0,-100.0,-100,-100.0,-100.0,-100.0,-100.0
augur,N/A,01 Oct 2015,N/A,N/A,N/A,N/A,N/A,N/A,N/A,N/A,N/A,N/A,N/A,N/A,N/A,N/A,-1.0,0.0,-100.0,-100.0,-100.0,-100,-100.0,-100.0,-100.0,-100.0
spellsofgenesis,N/A,01 Sep 2015,N/A,N/A,N/A,N/A,N/A,N/A,N/A,N/A,N/A,N/A,N/A,N/A,N/A,N/A,-1.0,0.0,-100.0,-100.0,-100.0,-100,-100.0,-100.0,-100.0,-100.0
factom,N/A,14 May 2015,N/A,N/A,N/A,N/A,N/A,N/A,N/A,N/A,N/A,N/A,N/A,N/A,N/A,N/A,-1.0,0.0,-100.0,-100.0,-100.0,-100,-100.0,-100.0,-100.0,-100.0
neucoin,N/A,30 Apr 2015,N/A,N/A,N/A,N/A,N/A,N/A,N/A,N/A,N/A,N/A,N/A,N/A,N/A,N/A,-1.0,0.0,-100.0,-100.0,-100.0,-100,-100.0,-100.0,-100.0,-100.0
dacplay,N/A,21 Feb 2015,N/A,N/A,N/A,N/A,N/A,N/A,N/A,N/A,N/A,N/A,N/A,N/A,N/A,N/A,-1.0,0.0,-100.0,-100.0,-100.0,-100,-100.0,-100.0,-100.0,-100.0
getgems,N/A,04 Jan 2015,N/A,N/A,N/A,N/A,N/A,N/A,N/A,N/A,N/A,N/A,N/A,N/A,N/A,N/A,-1.0,0.0,-100.0,-100.0,-100.0,-100,-100.0,-100.0,-100.0,-100.0
muse,N/A,03 Dec 2014,N/A,N/A,N/A,N/A,N/A,N/A,N/A,N/A,N/A,N/A,N/A,N/A,N/A,N/A,-1.0,0.0,-100.0,-100.0,-100.0,-100,-100.0,-100.0,-100.0,-100.0
supernet,N/A,22 Sep 2014,N/A,N/A,N/A,N/A,N/A,N/A,N/A,N/A,N/A,N/A,N/A,N/A,N/A,N/A,-1.0,0.0,-100.0,-100.0,-100.0,-100,-100.0,-100.0,-100.0,-100.0
ethereum,N/A,02 Sep 2014,N/A,N/A,N/A,N/A,N/A,N/A,N/A,N/A,N/A,N/A,N/A,N/A,N/A,N/A,-1.0,0.0,-100.0,-100.0,-100.0,-100,-100.0,-100.0,-100.0,-100.0
storjcoinx,N/A,17 Aug 2014,N/A,N/A,N/A,N/A,N/A,N/A,N/A,N/A,N/A,N/A,N/A,N/A,N/A,N/A,-1.0,0.0,-100.0,-100.0,-100.0,-100,-100.0,-100.0,-100.0,-100.0
swarm,N/A,19 Jul 2014,N/A,N/A,N/A,N/A,N/A,N/A,N/A,N/A,N/A,N/A,N/A,N/A,N/A,N/A,-1.0,0.0,-100.0,-100.0,-100.0,-100,-100.0,-100.0,-100.0,-100.0
maidsafecoin,N/A,21 May 2014,N/A,N/A,N/A,N/A,N/A,N/A,N/A,N/A,N/A,N/A,N/A,N/A,N/A,N/A,-1.0,0.0,-100.0,-100.0,-100.0,-100,-100.0,-100.0,-100.0,-100.0
counterparty,N/A,03 Feb 2014,N/A,N/A,N/A,N/A,N/A,N/A,N/A,N/A,N/A,N/A,N/A,N/A,N/A,N/A,-1.0,0.0,-100.0,-100.0,-100.0,-100,-100.0,-100.0,-100.0,-100.0
