coin,N/A
eos,2
iota,3
tron,1
neo,2
qtum,1
omisego,1
icon,1
zilliqa,2
aeternity,1
0x,4
bytom,1
golem,1
wanchain,1
augur,1
populous,1
digixdao,1
status,3
aion,0
nebulas,1
loopring,1
komodo,1
ark,1
elastos,2
bancor,10
cybermiles,5
cryptonex,0
dentacoin,6
kyber-network,N/A
fusion,4
veritaseum,1
substratum,2
theta-token,N/A
electroneum,1
dragonchain,8
dropil,1
holo,4
kin,1
storm,1
bnktothefuture,4
power-ledger,3
deepbrain-chain,N/A
gifto,4
iexec-rlc,N/A
salt,N/A
decentraland,1
monaco,4
storj,1
civic,6
neblio,1
tenx,3
nexo,1
quantstamp,1
dent,1
revain,1
iconomi,2
singularitynet,2
time-new-bank,0
request-network,1
cindicator,5
lympo,3
arcblock,5
aragon,1
enjin-coin,1
bluzelle,4
gnosis,2
poa-network,1
particl,1
smartmesh,1
bottos,1
metal,0
storiqa,1
thekey,2
ignis,2
sophiatx,2
sonm,9
pillar,1
blockv,1
credits,6
crypterium,10
genesis-vision,8
ambrosus,5
boscoin,5
origintrail,5
crypto20,1
docademic,1
apex,1
tokenpay,1
jibrel-network,5
cube,0
eximchain,N/A
bread,2
ethlend,4
telcoin,2
tokenomy,1
red-pulse,2
wagerr,1
eidoo,3
edgeless,1
adex,2
babb,2
paypie,1
bitrent,1
tokencard,1
airswap,3
singulardtv,1
zebi,2
wings,1
district0x,1
legolas-exchange,2
ins-ecosystem,N/A
medibloc,2
havven,8
utrust,9
wepower,4
odem,1
appcoins,3
odyssey,1
loyalcoin,N/A
wabi,2
datx,1
tierion,1
decentbet,1
zeepin,1
minexcoin,N/A
naga,10
datawallet,1
modum,1
universa,8
decent,7
presearch,2
yoyow,1
qlink,1
taas,4
mobilego,2
lunyr,1
cashaa,1
maecenas,2
melon,1
etherparty,6
banca,1
hive-project,N/A
viberate,7
coss,2
propy,3
refereum,3
cobinhood,7
datum,4
firstblood,1
humaniq,10
mothership,1
bankex,4
alphacat,0
envion,5
medicalchain,3
polybius,5
bloom,3
cofound.it,1
synereo,1
peerplays,1
stk,3
everex,2
blackmoon,1
suncontract,1
stox,6
chronobank,7
dmarket,3
adtoken,1
matchpool,1
karma,1
lamden,1
incent,1
dimcoin,8
monetha,1
aeron,1
cappasity,7
dadi,1
lala-world,N/A
blocktix,1
agrello,1
uptoken,1
covesting,9
sentinel-chain,1
selfkey,1
morpheus-network,0
daostack,9
quantum,1
carvertical,3
loki,0
coinpoker,8
blockport,1
sureremit,1
remme,2
betterbetting,1
airtoken,1
swissborg,10
te-food,1
smartlands,1
divi,1
latoken,1
hacken,3
unibright,0
sharder,1
zap,1
friendz,6
graft,5
aphelion,1
indahash,9
bitclave,6
nebula-ai,1
etheroll,0
locktrip,1
rivetz,1
polyswarm,7
axpire,1
domraider,2
matryx,1
bitdegree,1
hubii-network,2
playkey,3
atn,N/A
investfeed,1
flixxo,2
rentberry,9
patientory,1
paragon,6
faceter,N/A
golos,1
icos,3
connectjob,5
cargox,1
adbank,1
insurepal,7
coinfi,1
naviaddress,N/A
snovio,3
nper,1
spectiv,2
devery,4
encrypgen,1
target-coin,1
bounty0x,1
ink-protocol,N/A
aidcoin,1
bezop,1
lendingblock,5
fidelium,1
dovu,2
wetrust,1
worldcore,8
biocoin,5
b2bx,7
aventus,1
jet8,1
eroscoin,1
commerceblock,3
bitcrystals,4
helbiz,1
adshares,1
alis,1
sportyco,1
fundrequest,0
privatix,3
mysterium,1
clearpoll,2
ip-exchange,N/A
linker-coin,N/A
hoqu,3
bigbom,N/A
atbcoin,3
leadcoin,2
insights-network,0
fidentiax,1
aditus,1
auctus,3
payfair,5
tokia,0
fintrux-network,N/A
publica,3
dether,1
peculium,3
travelflex,3
adhive,1
opus,1
tokes,1
internxt,2
invacio,0
amlt,0
zrcoin,7
viuly,1
bitdice,3
atlant,5
sether,2
voise,6
gatcoin,1
experty,7
real,7
hellogold,1
autonio,1
herocoin,1
digipulse,2
iungo,1
cryptopay,5
blockcat,1
eboost,1
upfiring,1
verime,1
hush,2
cryptoping,8
starbase,1
sense,1
parkgene,4
vezt,1
tokenbox,1
mywish,1
lampix,1
syncfab,5
reftoken,1
aigang,1
copytrack,5
ethbits,1
bonpay,2
ethorse,1
daneel,4
1world,1
coinlancer,5
starta,7
micromoney,2
mercury-protocol,N/A
blitzpredict,1
chainium,1
biotron,1
goldmint,10
obsidian,4
verify,1
eventchain,1
signals-network,N/A
pylon-network,1
trakinvest,2
fabric-token,0
tokenstars,1
authorship,1
transcodium,1
ethersportz,1
chronologic,1
skincoin,7
hirematch,4
emphy,1
live-stars,1
phi-token,1
nitro,1
soma,2
wandx,1
boutspro,1
crycash,3
tigereum,2
bitjob,1
wild-crypto,N/A
earth-token,N/A
plancoin,1
blocklancer,1
fundyourselfnow,0
mcap,1
oceanlab,0
monster-byte,2
suretly,1
bitair,1
pluscoin,7
crystal-clear,1
escroco,1
fujinto,1
peerguess,0
bolenum,3
srcoin,1
leverj,1
ecobit,2
hedge,3
apx,1
blockpool,1
clearcoin,3
darcrus,1
flypme,1
neverdie,6
qvolta,1
centra,5
farad,1
musiconomi,1
etheriya,2
global-jobcoin,2
bitpark-coin,0
elcoin,1
blockpay,2
regalcoin,1
tigercoin,0
ccore,1
abjcoin,1
300-token,1
newbium,1
bankcoin,1
copico,1
icobid,0
iconic,1
pundi-x,N/A
libra-credit,N/A
apis,0
skrumble-network,N/A
educoin,1
the-abyss,N/A
bezant,N/A
phantasma,N/A
crowd-machine,N/A
bankera,N/A
hurify,N/A
aware,1
cfun,1
paymon,N/A
gems,2
silent-notary,0
shivom,N/A
traxia,N/A
exchange-union,N/A
seele,N/A
patron,0
key,2
stockchain,1
spindle,N/A
cryptaur,N/A
xyo-network,0
indicoin,1
sphre-air,1
amon,2
shopin,N/A
etherecash,10
blockcdn,1
budbo,3
hero,0
blockmesh,0
contractnet,N/A
sisa,1
zengold,1
utrum,1
minex,1
plexcoin,0
anryze,1
smoke,1
stex,0
fapcoin,1
ox-fina,1
solomonexchange,N/A
hackspacecapital,N/A
impakfinance,N/A
modum.io,N/A
detectortoken,N/A
silentnotary,N/A
intelligenttradingtech,N/A
kybernetwork,N/A
kickico,N/A
smartinvestmentfundtoken,N/A
trackr,N/A
facecoin,N/A
icobox,N/A
social(scl),N/A
enigmacatalyst,N/A
ahoolee,N/A
stuffgogo,N/A
prospector,N/A
onegram,N/A
filecoin,N/A
alpencoin,N/A
hubii,N/A
worldwideanonymousmessaging,N/A
indorse,N/A
finshicapital,N/A
moeda,N/A
xplay,N/A
paquarium,N/A
monsterbyte,N/A
coindash,N/A
district0xnetwork,N/A
11.97,N/A
rootproject,N/A
geofounders,N/A
primalbase,N/A
eros,N/A
gilgam,N/A
gilgam.es,N/A
coindash,N/A
sumerchain,N/A
bitquence,N/A
orocrypt,N/A
fuck,N/A
tezos,N/A
insurex,N/A
nimiq,N/A
leviarcoin,N/A
onplace,N/A
santiment,N/A
openanx,N/A
crypviser,N/A
rialto.ai,N/A
encryptotel,N/A
dcorp,3
air,N/A
21million,N/A
silvercoin,N/A
idice,N/A
nvo,N/A
masknetwork,N/A
footballcoin,N/A
internetofcoins,N/A
bidlend,N/A
superdao,N/A
aira,N/A
embermine,N/A
adel,N/A
basicattentiontoken,N/A
exscudo,N/A
mysteriumnetwork,N/A
e4row,N/A
vivacoin,N/A
bitcoingrowthfund,N/A
legendsroom,N/A
nexxus,N/A
quantumresistantledger,N/A
creativechain,N/A
apptrade,N/A
backtoearth,N/A
iex.ec,N/A
blockchaincapital,N/A
cosmosnetwork,N/A
cosmos,N/A
equibit,N/A
chainofpoints,N/A
cashscripter,N/A
augmentors,N/A
lykke(2ndround),N/A
contingency,N/A
dfinity,N/A
betking,N/A
ether.camp,N/A
virtualaccelerator,N/A
mysterium(1stround),N/A
vdice,N/A
beyondthevoid,N/A
massnetwork,N/A
arcadecity,N/A
etcwin,N/A
kibolotto,N/A
lykke(1stround),N/A
antshares,N/A
metaverse,N/A
icoo,N/A
breakoutcoin,N/A
plutus,N/A
mycelium(2ndround),N/A
thedao,N/A
projectdecorum,N/A
ionomy,N/A
digixglobal,N/A
spellsofgenesis,N/A
neucoin,N/A
dacplay,N/A
getgems,N/A
storjcoinx,N/A
